'대여일자','대여소번호','대여소','대여건수','반납건수'
'201801','108',' 서교동 사거리',2,0
'201801','1041',' 묘곡초등학교',1,1
'201801','510',' 서울숲 남문 버스정류소 옆',3,0
'201801','515',' 광양중학교 앞',1,1
'201801','300',' 정동사거리',0,1
'201801','2361',' 압구정역 교차로',2,0
'201801','2362',' 신사동 가로수길 입구',2,0
'201801','302',' 경복궁역 4번출구 뒤',4,1
'201801','2377',' 수서역 5번출구 뒤',1,1
'201801','3101',' 서대문구청',0,1
'201801','303',' 광화문역 1번출구 앞',1,1
'201801','3506',' 영동대교 북단',0,2
'201801','3508',' 화양사거리',0,1
'201801','304',' 광화문역 2번출구 앞',0,1
'201801','1336',' 성북3교 위',1,1
'201801','307',' 서울역사박물관 앞',1,0
'201801','309',' 광화문역 6번출구 옆',1,2
'201801','310',' 청계광장 옆',1,0
'201801','311',' 서울광장 옆',4,4
'201801','312',' 시청역 1번출구 뒤',2,4
'201801','313',' 서울역 광장 파출소 옆',1,1
'201801','314',' 국립현대미술관',3,4
'201801','315',' 신한은행 안국역지점 옆',4,4
'201801','316',' 종각역 1번출구 앞',1,1
'201801','318',' 광교사거리 남측',2,2
'201801','320',' 을지로입구역 4번출구 앞',6,6
'201801','321',' KEB 하나은행 본점 앞',8,9
'201801','322',' 명동성당 앞',4,2
'201801','116',' 일진아이윌아파트 옆',1,2
'201801','324',' 신세계백화점 본점 앞',5,6
'201801','327',' 낙원상가 옆',2,4
'201801','328',' 탑골공원 앞',2,0
'201801','329',' 청계2가 사거리 옆',2,0
'201801','331',' 을지로2가 사거리 북측',2,0
'201801','332',' 을지로2가 사거리 남측',4,4
'201801','111',' 상수역 2번출구 앞',2,3
'201801','334',' 종로3가역 2번출구 뒤',1,1
'201801','335',' 종로3가역 15번출구 앞',2,1
'201801','336',' 티마크 호텔 앞',9,6
'201801','338',' 세운스퀘어 앞',2,2
'201801','339',' 종로4가 사거리',2,0
'201801','341',' 혜화역 3번출구 뒤',1,0
'201801','342',' 대학로 마로니에공원',1,1
'201801','112',' 극동방송국 앞',1,1
'201801','344',' 성균관대 E하우스 앞',0,2
'201801','346',' 맥스타일 앞',6,6
'201801','347',' 동대문역사문화공원역 9번출구 앞',2,2
'201801','349',' 사직동주민센터',1,2
'201801','352',' 중앙고입구 삼거리',3,1
'201801','353',' 재동초교 앞 삼거리',2,4
'201801','354',' 포르투갈 대사관 앞',2,2
'201801','358',' 성대입구 사거리',4,2
'201801','361',' 동묘앞역 1번출구 뒤',0,1
'201801','362',' 청계8가 사거리',1,0
'201801','113',' 홍대입구역 2번출구 앞',1,0
'201801','369',' 광화문 시민열린마당',5,2
'201801','370',' 시청역(2호선) 9번출구 뒤',1,1
'201801','371',' 동대입구역 6번출구 뒤',3,3
'201801','377',' 서울역 4번출구 앞',0,1
'201801','378',' 청계7가 사거리',2,2
'201801','379',' 서울역9번출구',2,2
'201801','114',' 홍대입구역 8번출구 앞',1,6
'201801','145',' 공덕역 5번출구',0,1
'201801','146',' 마포역 1번출구 뒤',2,2
'201801','154',' 마포구청역 ',1,0
'201801','160',' 북아현동 가구거리',2,2
'201801','171',' 임광빌딩 앞',1,0
'201801','172',' 서대문소방서',2,1
'201801','520',' 상왕십리역 4번 출구 앞',1,1
'201801','521',' 왕십리역 11번 출구 앞',0,1
'201801','546',' 잠실대교북단 교차로',2,0
'201801','613',' 신설동역 10번출구 앞',1,2
'201801','247',' 당산역 10번출구 앞',0,2
'201801','101',' (구)합정동 주민센터',2,2
'201801','128',' 신촌역(2호선) 1번출구 옆',4,2
'201801','700',' KB국민은행 염창역 지점 앞',6,1
'201801','130',' 신촌역(2호선) 7번출구 앞',2,1
'201801','805',' 문배어린이공원 앞',0,2
'201801','807',' 서울역 12번 출구 앞',1,0
'201801','809',' 한남 유수지 복개주차장',2,1
'201801','810',' 이태원지하보도',2,1
'201801','811',' 녹사평역1번출구',3,1
'201801','812',' 용산전쟁기념관',0,1
'201801','385',' 종각역 5번출구',1,4
'201801','387',' 훈련원공원주차장 앞',0,2
'201801','132',' 창천문화공원',0,1
'201801','186',' 월드컵공원',0,1
'201801','134',' 연세로 명물길',1,0
'201801','559',' 왕십리역 4번 출구 건너편',1,0
'201801','561',' 서울숲역 2번출구 앞',0,1
'201801','565',' 옥수역 3번출구',2,0
'201801','568',' 청계8가사거리 부근',0,2
'201801','135',' 명물길 원형무대 앞',1,0
'201801','102',' 망원역 1번출구 앞',0,1
'201801','140',' 이화여대 후문',3,6
'201801','260',' 여의도 마리나선착장 앞',0,3
'201801','266',' 영등포청과시장 사거리',1,0
'201801','816',' 신용산역 6번출구 앞',3,6
'201801','817',' 삼각지역 4번출구 앞',2,1
'201801','820',' 청파동입구 교차로',2,3
'201801','903',' 은평뉴타운 아이파크',1,0
'201801','202',' 국민일보 앞',1,1
'201801','928',' 은평역사한옥박물관',1,2
'201801','1004',' 삼성광나루아파트 버스정류장',1,1
'201801','1118',' 증미역 3번출구뒤(등촌두산위브센티움오피스텔)',4,9
'201801','205',' 산업은행 앞',4,3
'201801','206',' KBS 앞',1,0
'201801','1209',' 잠실나루역 (2번 출구 쪽)',1,1
'201801','1224',' 아시아지하보도 2번 출구',0,1
'201801','210',' IFC몰',0,1
'201801','1405',' 망우역 1번출구',0,2
'201801','211',' 여의도역 4번출구 옆',0,1
'201801','212',' 여의도역 1번출구 옆',2,0
'201801','1424',' 양원역 2번출구',2,0
'201801','219',' 롯데캐슬엠파이어 옆',2,0
'201801','1901',' 신도림동주민센터 앞',1,1
'201801','1906',' 신도림역 1번 출구 앞',1,1
'201801','221',' 여의도초교 앞',3,0
'201801','2002',' 노들역 1번출구',1,2
'201801','2025',' 흑석역 1번출구',2,0
'201801','2015',' 신대방삼거리역 6번출구쪽',0,1
'201801','207',' 여의나루역 1번출구 앞',3,7
'201801','2219',"' 고속터미널역 8-1번, 8-2번 출구 사이'",3,0
'201801','402',' 상암월드컵파크 9단지 앞',0,1
'201801','2262',' 한신16차아파트 119동 앞',1,1
'201801','2301',' 현대고등학교 건너편',4,5
'201801','2251',' 더케이호텔 입구(양재2) ',0,1
'201801','2309',' 청담역(우리들병원 앞)',0,2
'201801','2306',' 압구정역 2번 출구 옆',0,2
'201801','2308',' 압구정파출소 앞',0,2
'201801','2313',' 금원빌딩 앞',0,1
'201801','106',' 합정역 7번출구 앞',2,2
'201801','2333',' 양재역 3번출구 주변',1,0
'201801','1308',' 안암로터리 버스정류장 앞',0,1
'201801','1231',' 잠실역 6번출구',2,1
'201801','419',' 홈플러스 앞',3,0
'201801','1946',' 구로역 광장',1,0
'201801','1210',' 롯데월드타워(잠실역2번출구 쪽)',6,6
'201801','412',' DMC산학협력연구센터 앞',0,1
'201801','1931',' 개봉역(북측광장)',0,1
'201801','389',' 을지로4가역 1번출구',0,1
'201801','390',' 충무로역 1번출구',2,2
'201801','826',' 서울역 서부교차로2',4,5
'201801','1305',' 성북구청',1,0
'201801','2354',' 청담역 2번출구',1,0
'201801','2355',' 삼성역 5~6번 출구 사이',1,0
'201801','422',' 문화비축기지',2,2
'201801','450',' 효자동 삼거리',1,0
'201801','451',' 청와대앞길',0,1
'201801','593','자양중앙나들목',0,2
'201801','502',' 뚝섬유원지역 1번출구 앞',6,3
'201802',,,0,3
'201802','108',' 서교동 사거리',2,0
'201802','1038',' 강일 다솜 어린이 공원',0,4
'201802','509',' 이마트 버스정류소 옆',0,1
'201802','510',' 서울숲 남문 버스정류소 옆',1,0
'201802','1267',' 올림픽공원 남2문 앞',4,2
'201802','1269',' 리센츠아파트 ',2,0
'201802','513',' 뚝섬역 5번 출구 정류소 옆',1,1
'201802','2361',' 압구정역 교차로',2,0
'201802','2362',' 신사동 가로수길 입구',0,3
'201802','2365',' K+ 타워 앞',1,0
'201802','302',' 경복궁역 4번출구 뒤',3,5
'201802','3101',' 서대문구청',1,0
'201802','303',' 광화문역 1번출구 앞',1,0
'201802','3506',' 영동대교 북단',1,1
'201802','3511',' 응봉역 1번출구',0,2
'201802','3513',' 상왕십리역 1번출구',4,4
'201802','115',' 사루비아 빌딩 앞',2,2
'201802','304',' 광화문역 2번출구 앞',3,0
'201802','1336',' 성북3교 위',1,1
'201802','1351',' SK제삼주유소 앞',1,0
'201802','306',' 광화문역 7번출구 앞',6,2
'201802','307',' 서울역사박물관 앞',1,0
'201802','309',' 광화문역 6번출구 옆',2,2
'201802','311',' 서울광장 옆',7,13
'201802','312',' 시청역 1번출구 뒤',5,6
'201802','313',' 서울역 광장 파출소 옆',2,1
'201802','314',' 국립현대미술관',2,4
'201802','315',' 신한은행 안국역지점 옆',7,7
'201802','316',' 종각역 1번출구 앞',1,0
'201802','320',' 을지로입구역 4번출구 앞',15,16
'201802','321',' KEB 하나은행 본점 앞',4,2
'201802','322',' 명동성당 앞',19,6
'201802','324',' 신세계백화점 본점 앞',4,15
'201802','326',' 안국역 5번출구 앞',3,1
'201802','328',' 탑골공원 앞',23,17
'201802','329',' 청계2가 사거리 옆',2,2
'201802','330',' 청계천 한빛광장',0,1
'201802','331',' 을지로2가 사거리 북측',0,4
'201802','332',' 을지로2가 사거리 남측',1,1
'201802','334',' 종로3가역 2번출구 뒤',1,5
'201802','337',' 창경궁 입구',2,2
'201802','338',' 세운스퀘어 앞',0,2
'201802','339',' 종로4가 사거리',4,0
'201802','342',' 대학로 마로니에공원',2,3
'201802','112',' 극동방송국 앞',0,3
'201802','344',' 성균관대 E하우스 앞',0,2
'201802','346',' 맥스타일 앞',3,5
'201802','347',' 동대문역사문화공원역 9번출구 앞',6,9
'201802','351',' 청운초교 앞 삼거리',2,2
'201802','352',' 중앙고입구 삼거리',3,1
'201802','353',' 재동초교 앞 삼거리',8,7
'201802','354',' 포르투갈 대사관 앞',5,8
'201802','355',' 서울사대부속초교 앞',1,0
'201802','359',' 원남동사거리',1,0
'201802','361',' 동묘앞역 1번출구 뒤',7,8
'201802','113',' 홍대입구역 2번출구 앞',12,10
'201802','369',' 광화문 시민열린마당',2,6
'201802','118',' 광흥창역 2번출구 앞',2,0
'201802','378',' 청계7가 사거리',1,1
'201802','379',' 서울역9번출구',1,3
'201802','383',' 신당역 12번 출구 뒤',2,2
'201802','114',' 홍대입구역 8번출구 앞',1,3
'201802','144',' 공덕역 8번출구',1,1
'201802','146',' 마포역 1번출구 뒤',2,0
'201802','147',' 마포역 4번출구 뒤',0,2
'201802','148',' 용강동 주민센터 앞',2,2
'201802','150',' 서강대역 2번출구 앞',1,0
'201802','151',' 망원1동주민센터',1,0
'201802','152',' 마포구민체육센터 앞',2,2
'201802','159',' 이대역 4번 출구',0,2
'201802','160',' 북아현동 가구거리',2,2
'201802','172',' 서대문소방서',7,4
'201802','124',' 서강대 정문 건너편',1,0
'201802','613',' 신설동역 10번출구 앞',2,2
'201802','228',' 선유도역 3번출구 앞',1,0
'201802','233',' YP 센터 앞',0,1
'201802','247',' 당산역 10번출구 앞',0,1
'201802','248',' 초원아파트 앞',1,1
'201802','249',' 여의도중학교 옆',7,7
'201802','128',' 신촌역(2호선) 1번출구 옆',6,1
'201802','700',' KB국민은행 염창역 지점 앞',3,4
'201802','129',' 신촌역(2호선) 6번출구 옆',5,3
'201802','130',' 신촌역(2호선) 7번출구 앞',2,6
'201802','802',' 한강진역 2번 출구 앞',4,0
'201802','805',' 문배어린이공원 앞',1,3
'201802','810',' 이태원지하보도',1,0
'201802','811',' 녹사평역1번출구',7,1
'201802','812',' 용산전쟁기념관',2,0
'201802','815',' LIG강촌아파트 103동앞',2,2
'201802','385',' 종각역 5번출구',1,0
'201802','387',' 훈련원공원주차장 앞',2,0
'201802','182',' 망원2빗물펌프장 앞',1,1
'201802','184',' SK망원동주유소 건너편',2,0
'201802','186',' 월드컵공원',8,8
'201802','558',' 성동광진 교육지원청 앞',3,2
'201802','134',' 연세로 명물길',2,2
'201802','561',' 서울숲역 2번출구 앞',0,1
'201802','565',' 옥수역 3번출구',1,1
'201802','135',' 명물길 원형무대 앞',6,4
'201802','583',' 청계천 생태교실 앞',0,1
'201802','571',' 어린이대공원역6번출구',1,0
'201802','138',' 신촌동 제1공영주차장 앞',1,1
'201802','140',' 이화여대 후문',0,7
'201802','266',' 영등포청과시장 사거리',0,1
'201802','272',' 당산육갑문',2,2
'201802','816',' 신용산역 6번출구 앞',3,8
'201802','817',' 삼각지역 4번출구 앞',2,0
'201802','818',' 숙명여대 입구 교차로',1,1
'201802','819',' 선린인터넷 고등학교',1,0
'201802','825',' 서빙고동 주민센터 앞',2,1
'201802','201',' 진미파라곤 앞',4,1
'201802','202',' 국민일보 앞',0,1
'201802','1009',' 천호역4번출구(현대백화점)',0,2
'201802','1015',' 샛마을 근린공원',7,7
'201802','1118',' 증미역 3번출구뒤(등촌두산위브센티움오피스텔)',4,3
'201802','206',' KBS 앞',2,2
'201802','1205',' 종합운동장역 4번출구',1,0
'201802','1206',' 9호선종합운동장역 9번출구',0,1
'201802','1208',' 풍납현대아파트쉼터',1,0
'201802','1222',' 잠실새내역 5번 출구 뒤',1,1
'201802','209',' 유진투자증권빌딩 앞',0,1
'201802','210',' IFC몰',3,5
'201802','1315',' 고려사대부속중고 정문',1,1
'201802','211',' 여의도역 4번출구 옆',0,3
'201802','212',' 여의도역 1번출구 옆',3,0
'201802','104',' 합정역 1번출구 앞',1,1
'201802','214',' 금융감독원 앞',3,3
'201802','1637',' KT 노원점 건물 앞',2,2
'201802','215',' 여의도고교 앞',2,0
'201802','1906',' 신도림역 1번 출구 앞',1,1
'201802','222',' 시범아파트버스정류장 옆',3,0
'201802','223',' 진주아파트상가 앞',0,3
'201802','2102',' 봉림교 교통섬',1,0
'201802','207',' 여의나루역 1번출구 앞',9,11
'201802','2213',' 고속터미널역 5번출구 앞',1,0
'201802','2217','아크로리버뷰 부지 앞',0,1
'201802','2219',"' 고속터미널역 8-1번, 8-2번 출구 사이'",2,0
'201802','2231',' 삼성타운(삼성생명) A동 맞은편',0,4
'201802','2242','양재역 11번 출구 앞',2,0
'201802','2244','교육개발원입구 교차로',0,1
'201802','402',' 상암월드컵파크 9단지 앞',2,2
'201802','2262',' 한신16차아파트 119동 앞',6,3
'201802','2301',' 현대고등학교 건너편',1,4
'201802','2259',' 잠원역 3번-4번 출구사이 ',2,0
'201802','2251',' 더케이호텔 입구(양재2) ',2,2
'201802','2309',' 청담역(우리들병원 앞)',0,1
'201802','2311',' 학동로 래미안 아파트 앞',1,0
'201802','2302',' 교보타워 버스정류장(신논현역 3번출구 후면)',0,1
'201802','2308',' 압구정파출소 앞',1,2
'201802','2313',' 금원빌딩 앞',0,1
'201802','2315',' 봉은사역 5번출구 옆',0,1
'201802','106',' 합정역 7번출구 앞',3,1
'201802','2318',' 삼성중앙역4번출구(문화센터더 리빌)',1,0
'201802','2319',' 포스코4거리 서측(수협 삼성동 지점)',2,0
'201802','2323',' 주식회사 오뚜기 정문 앞',0,2
'201802','1115',' 등촌역 1번출구옆',1,1
'201802','1201',' 가락시장역 3번 출구',1,0
'201802','1231',' 잠실역 6번출구',0,3
'201802','1306',' 한성대입구역2번출구',0,1
'201802','419',' 홈플러스 앞',0,3
'201802','1946',' 구로역 광장',1,0
'201802','2143',' 서울산업정보학교',2,2
'201802','1210',' 롯데월드타워(잠실역2번출구 쪽)',6,8
'201802','2034',' 사당역 7번출구쪽',1,1
'201802','389',' 을지로4가역 1번출구',2,0
'201802','390',' 충무로역 1번출구',0,5
'201802','826',' 서울역 서부교차로2',3,2
'201802','2355',' 삼성역 5~6번 출구 사이',0,2
'201802','2350',' 래미안그레이튼102동앞',2,0
'201802','2357',' 르네상스호텔사거리 역삼지하보도 3번출구 앞 (더 오번 빌딩 명동칼국수 앞)',2,0
'201802','450',' 효자동 삼거리',3,1
'201802','451',' 청와대앞길',4,1
'201802','501',' 광진구의회 앞',0,1
'201802','593','자양중앙나들목',1,1
'201802','502',' 뚝섬유원지역 1번출구 앞',1,1
'201803',,,0,10
'201803','108',' 서교동 사거리',10,3
'201803','503',' 더샵스타시티 C동 앞',1,2
'201803','746',' 목동2단지 상가',1,1
'201803','505',' 자양사거리 광진아크로텔 앞',2,0
'201803','508',' 성수아카데미타워 앞',1,1
'201803','1035',' 고덕역 4번출구',3,3
'201803','510',' 서울숲 남문 버스정류소 옆',13,7
'201803','1259',' 방이역 1번출구',1,0
'201803','511',' 서울숲역 4번 출구 옆',8,6
'201803','1264',' 천호역 10번 출구 앞',0,2
'201803','1267',' 올림픽공원 남2문 앞',2,1
'201803','1269',' 리센츠아파트 ',0,2
'201803','109',' 제일빌딩 앞',9,4
'201803','514',' 성수사거리 버스정류장 앞',0,1
'201803','516',' 광진메디칼 앞',2,0
'201803','300',' 정동사거리',2,0
'201803','2268',' 서초4동주민센터 ',0,2
'201803','2269',' 주홍교 하부',8,3
'201803','2273',' 일동제약 사거리',1,0
'201803','2276',' 영동1교 (양재천근린공원)',0,2
'201803','2277',' 길마중4교 하부',7,5
'201803','301',' 경복궁역 7번출구 앞',2,4
'201803','2361',' 압구정역 교차로',2,4
'201803','2362',' 신사동 가로수길 입구',4,7
'201803','2364',' 도산대로 렉서스 앞',8,8
'201803','2365',' K+ 타워 앞',2,1
'201803','2369',' KT선릉타워',1,1
'201803','302',' 경복궁역 4번출구 뒤',15,10
'201803','2371',' 한국우편사업진흥원',2,2
'201803','2377',' 수서역 5번출구 뒤',0,2
'201803','3101',' 서대문구청',0,1
'201803','303',' 광화문역 1번출구 앞',1,1
'201803','3511',' 응봉역 1번출구',1,1
'201803','115',' 사루비아 빌딩 앞',1,7
'201803','304',' 광화문역 2번출구 앞',1,0
'201803','1336',' 성북3교 위',3,1
'201803','1337',' 돈암성당 옆',14,7
'201803','305',' 종로구청 옆',1,2
'201803','306',' 광화문역 7번출구 앞',10,8
'201803','1958',' 강서수도사업소민원센터',3,1
'201803','307',' 서울역사박물관 앞',3,3
'201803','1975',' 대림역 1번 출입구 밑',1,0
'201803','309',' 광화문역 6번출구 옆',3,2
'201803','310',' 청계광장 옆',2,7
'201803','311',' 서울광장 옆',6,11
'201803','312',' 시청역 1번출구 뒤',11,14
'201803','313',' 서울역 광장 파출소 옆',6,4
'201803','314',' 국립현대미술관',13,8
'201803','315',' 신한은행 안국역지점 옆',4,9
'201803','316',' 종각역 1번출구 앞',3,5
'201803','828',' 숙대입구역 8번',8,8
'201803','320',' 을지로입구역 4번출구 앞',7,10
'201803','321',' KEB 하나은행 본점 앞',6,4
'201803','322',' 명동성당 앞',10,3
'201803','324',' 신세계백화점 본점 앞',24,22
'201803','326',' 안국역 5번출구 앞',12,12
'201803','327',' 낙원상가 옆',9,9
'201803','328',' 탑골공원 앞',16,11
'201803','329',' 청계2가 사거리 옆',5,2
'201803','330',' 청계천 한빛광장',1,0
'201803','331',' 을지로2가 사거리 북측',5,0
'201803','332',' 을지로2가 사거리 남측',0,1
'201803','111',' 상수역 2번출구 앞',0,4
'201803','334',' 종로3가역 2번출구 뒤',7,5
'201803','335',' 종로3가역 15번출구 앞',5,5
'201803','336',' 티마크 호텔 앞',14,15
'201803','337',' 창경궁 입구',3,3
'201803','338',' 세운스퀘어 앞',5,7
'201803','339',' 종로4가 사거리',3,4
'201803','340',' 혜화동 로터리',2,5
'201803','341',' 혜화역 3번출구 뒤',0,1
'201803','342',' 대학로 마로니에공원',7,3
'201803','112',' 극동방송국 앞',3,2
'201803','344',' 성균관대 E하우스 앞',1,0
'201803','345',' 서울보증보험본사 앞',1,2
'201803','346',' 맥스타일 앞',11,22
'201803','347',' 동대문역사문화공원역 9번출구 앞',12,13
'201803','349',' 사직동주민센터',4,4
'201803','351',' 청운초교 앞 삼거리',2,1
'201803','352',' 중앙고입구 삼거리',4,4
'201803','353',' 재동초교 앞 삼거리',0,9
'201803','117',' 홍은사거리',2,1
'201803','354',' 포르투갈 대사관 앞',2,6
'201803','355',' 서울사대부속초교 앞',2,4
'201803','358',' 성대입구 사거리',4,6
'201803','359',' 원남동사거리',1,2
'201803','361',' 동묘앞역 1번출구 뒤',1,4
'201803','362',' 청계8가 사거리',1,0
'201803','363',' 신설동역 11번출구 뒤',2,2
'201803','113',' 홍대입구역 2번출구 앞',18,15
'201803','369',' 광화문 시민열린마당',18,14
'201803','348',' 독립문역 사거리',2,2
'201803','370',' 시청역(2호선) 9번출구 뒤',1,0
'201803','371',' 동대입구역 6번출구 뒤',3,3
'201803','118',' 광흥창역 2번출구 앞',0,1
'201803','377',' 서울역 4번출구 앞',10,9
'201803','378',' 청계7가 사거리',7,4
'201803','379',' 서울역9번출구',0,5
'201803','380',' CJ제일제당 앞',9,9
'201803','381',' 장충체육관',1,2
'201803','382',' 약수역 10번출구 앞',1,1
'201803','383',' 신당역 12번 출구 뒤',3,4
'201803','384',' 종로학원본원 ',1,2
'201803','114',' 홍대입구역 8번출구 앞',7,12
'201803','142',' 아현역 4번출구 앞',0,2
'201803','143',' 공덕역 2번출구',2,1
'201803','144',' 공덕역 8번출구',7,9
'201803','146',' 마포역 1번출구 뒤',4,4
'201803','147',' 마포역 4번출구 뒤',12,5
'201803','150',' 서강대역 2번출구 앞',5,0
'201803','151',' 망원1동주민센터',3,0
'201803','152',' 마포구민체육센터 앞',15,16
'201803','119',' 서강나루 공원',1,4
'201803','153',' 성산2교 사거리',1,3
'201803','154',' 마포구청역 ',2,2
'201803','155',' 가좌역1 번출구 뒤',0,2
'201803','157',' 애오개역 4번출구 앞',11,7
'201803','159',' 이대역 4번 출구',0,4
'201803','160',' 북아현동 가구거리',1,1
'201803','162',' 봉원고가차도 밑',10,11
'201803','172',' 서대문소방서',3,1
'201803','121',' 마포소방서 앞',1,1
'201803','173',' 서대문역 8번출구 앞',4,0
'201803','175',' 홍연2교옆',5,8
'201803','179',' 가좌역 4번출구 앞',3,1
'201803','180',' 충정로역 7번출구 뒤',0,4
'201803','521',' 왕십리역 11번 출구 앞',0,1
'201803','122',' 신성기사식당 앞',0,1
'201803','525',' 한양대병원사거리',3,3
'201803','529',' 장한평역 8번 출구 앞',0,2
'201803','535',' 응봉삼거리',2,2
'201803','537',' 한양대후문역 부근',0,1
'201803','540',' 군자역 7번출구 베스트샵 앞',0,1
'201803','546',' 잠실대교북단 교차로',1,0
'201803','548',' 자양나들목',2,2
'201803','549',' 아차산역 3번출구',2,1
'201803','602',' 장안동 사거리',0,1
'201803','228',' 선유도역 3번출구 앞',2,6
'201803','236',' 문래동자이아파트 앞',0,1
'201803','243',' 이앤씨드림타워 앞',1,1
'201803','244',' 영등포삼환아파트 앞',3,2
'201803','247',' 당산역 10번출구 앞',6,4
'201803','248',' 초원아파트 앞',3,3
'201803','249',' 여의도중학교 옆',10,17
'201803','128',' 신촌역(2호선) 1번출구 옆',12,2
'201803','258',' 신길역3번출구',4,2
'201803','259',' 대방역6번출구',0,1
'201803','129',' 신촌역(2호선) 6번출구 옆',3,4
'201803','703',' 오목교역 7번출구 앞',0,1
'201803','130',' 신촌역(2호선) 7번출구 앞',7,10
'201803','802',' 한강진역 2번 출구 앞',1,3
'201803','803',' 한남초교 앞 보도육교',8,0
'201803','805',' 문배어린이공원 앞',14,14
'201803','806',' 전자랜드 본관 앞',3,4
'201803','807',' 서울역 12번 출구 앞',12,11
'201803','808',' 서빙고동 금호맨션 앞',1,2
'201803','131',' 증산2교',1,1
'201803','809',' 한남 유수지 복개주차장',2,1
'201803','810',' 이태원지하보도',11,11
'201803','811',' 녹사평역1번출구',10,10
'201803','812',' 용산전쟁기념관',15,6
'201803','815',' LIG강촌아파트 103동앞',8,4
'201803','385',' 종각역 5번출구',6,7
'201803','387',' 훈련원공원주차장 앞',6,5
'201803','181',' 망원초록길 입구',1,0
'201803','132',' 창천문화공원',1,0
'201803','182',' 망원2빗물펌프장 앞',1,3
'201803','183',' 하늘채코오롱아파트 건너편',5,1
'201803','184',' SK망원동주유소 건너편',2,4
'201803','185',' 마포 신수공원 앞',0,1
'201803','186',' 월드컵공원',5,5
'201803','194',' 증산교 앞',0,4
'201803','195',' 모래내고가차도 ',0,1
'201803','556',' 달맞이공원',3,5
'201803','134',' 연세로 명물길',7,3
'201803','559',' 왕십리역 4번 출구 건너편',0,1
'201803','561',' 서울숲역 2번출구 앞',3,4
'201803','564',' 금호역 3번출구',1,1
'201803','565',' 옥수역 3번출구',10,7
'201803','568',' 청계8가사거리 부근',2,0
'201803','135',' 명물길 원형무대 앞',6,2
'201803','583',' 청계천 생태교실 앞',4,3
'201803','571',' 어린이대공원역6번출구',1,1
'201803','137',' NH농협 신촌지점 앞',3,2
'201803','102',' 망원역 1번출구 앞',3,7
'201803','138',' 신촌동 제1공영주차장 앞',1,1
'201803','633',' 청량리 기업은행 앞',1,1
'201803','634',' 외국어대 정문 앞',11,3
'201803','641',' 용두역 4번출구',0,2
'201803','140',' 이화여대 후문',12,23
'201803','643',' 동대문구민체육센터 (육교아래)',2,1
'201803','230',' 영등포구청역 1번출구',0,2
'201803','260',' 여의도 마리나선착장 앞',2,5
'201803','267',' 삼성화재 사옥 옆',2,0
'201803','268',' 그랜드컨벤션센터 앞',1,0
'201803','271',' 샛강생태공원방문자센터 앞',2,0
'201803','272',' 당산육갑문',8,3
'201803','139',' 연세대 정문 건너편',1,0
'201803','816',' 신용산역 6번출구 앞',1,9
'201803','817',' 삼각지역 4번출구 앞',7,4
'201803','818',' 숙명여대 입구 교차로',1,3
'201803','819',' 선린인터넷 고등학교',0,1
'201803','820',' 청파동입구 교차로',5,3
'201803','822',' 이촌1동 마을공원',5,3
'201803','825',' 서빙고동 주민센터 앞',9,14
'201803','388',' 동성중학교 앞',2,1
'201803','905',' 구파발역 2번출구',1,1
'201803','907',' CJ 드림시티',3,2
'201803','201',' 진미파라곤 앞',0,1
'201803','914',' 새절역 2번출구',2,2
'201803','202',' 국민일보 앞',1,1
'201803','588',' 뚝섬 유원지역',2,0
'201803','1008',' 암사역 3번출구(국민은행앞)',0,3
'201803','1009',' 천호역4번출구(현대백화점)',1,0
'201803','1011',' LIGA 아파트 앞',0,2
'201803','1014',' 강동구평생학습관앞',5,5
'201803','1015',' 샛마을 근린공원',4,4
'201803','103',' 망원역 2번출구 앞',2,1
'201803','204',' 국회의사당역 5번출구 옆',2,1
'201803','1019',' 다성이즈빌아파트(호원대 대각선 맞은편)',1,0
'201803','589',' 성수역3번출구',2,2
'201803','203',' 국회의사당역 3번출구 옆',4,1
'201803','1118',' 증미역 3번출구뒤(등촌두산위브센티움오피스텔)',0,2
'201803','1120',' 대림경동아파트앞',2,1
'201803','205',' 산업은행 앞',0,2
'201803','1122',' 황금내근린공원',1,1
'201803','1123',' 공암나루근린공원 관리사무소옆',1,2
'201803','1205',' 종합운동장역 4번출구',5,4
'201803','1206',' 9호선종합운동장역 9번출구',1,2
'201803','1209',' 잠실나루역 (2번 출구 쪽)',7,8
'201803','1215',' 올림픽공원역 1번출구 앞',3,6
'201803','1220',' 잠실본동주민센터뒤 잠실근린공원',0,1
'201803','1222',' 잠실새내역 5번 출구 뒤',7,3
'201803','1224',' 아시아지하보도 2번 출구',2,2
'201803','209',' 유진투자증권빌딩 앞',0,2
'201803','1232',' 롯데마트 주차장 옆',0,1
'201803','210',' IFC몰',4,8
'201803','211',' 여의도역 4번출구 옆',4,0
'201803','212',' 여의도역 1번출구 옆',1,2
'201803','213',' KT앞',1,1
'201803','1434',' 홈플러스 면목동점',0,1
'201803','104',' 합정역 1번출구 앞',5,4
'201803','1611',' 과기대 입구(우)',0,1
'201803','1829',' 홈플러스 금천점 앞',1,0
'201803','215',' 여의도고교 앞',0,1
'201803','1321',' 국민은행 종암동지점 앞',1,0
'201803','217',' NH농협은행 앞',0,1
'201803','1906',' 신도림역 1번 출구 앞',0,2
'201803','1911',' 구로디지털단지역 앞',2,4
'201803','221',' 여의도초교 앞',0,4
'201803','222',' 시범아파트버스정류장 옆',1,4
'201803','2002',' 노들역 1번출구',1,4
'201803','2025',' 흑석역 1번출구',7,15
'201803','2027',' 중앙대학교 정문',1,0
'201803','2036',' 정금마을 마을버스정류장',1,0
'201803','2037',' 동작역 5번출구 동작주차공원',6,5
'201803','2038',' 동작역 7번출구',9,5
'201803','2050',' 노량진역 5번출구',2,2
'201803','105',' 합정역 5번출구 앞',1,2
'201803','2102',' 봉림교 교통섬',3,1
'201803','225',' 앙카라공원 앞',1,0
'201803','2104',' 사당역 5번출구',0,1
'201803','2112',' 서울대입구역 마에스트로',2,0
'201803','2129',' 낙성대 과학전시관',1,0
'201803','207',' 여의나루역 1번출구 앞',35,38
'201803','1211',' 방이삼거리',5,3
'201803','2213',' 고속터미널역 5번출구 앞',4,3
'201803','2214',' 신반포역 2번출구 앞',0,3
'201803','2219',"' 고속터미널역 8-1번, 8-2번 출구 사이'",10,13
'201803','2221','하나은행 방배동지점 앞',1,0
'201803','2226',' 신동아럭스빌아파트 앞',2,2
'201803','2230','이수역 4번 출구',6,0
'201803','2231',' 삼성타운(삼성생명) A동 맞은편',3,2
'201803','2237','서울남부터미널 대합실 입구',3,0
'201803','2242','양재역 11번 출구 앞',0,2
'201803','2244','교육개발원입구 교차로',0,1
'201803','402',' 상암월드컵파크 9단지 앞',1,2
'201803','2255','시민의숲역 1번출구 옆',2,0
'201803','2262',' 한신16차아파트 119동 앞',4,8
'201803','2301',' 현대고등학교 건너편',22,13
'201803','403',' 부엉이공원 앞',3,0
'201803','2259',' 잠원역 3번-4번 출구사이 ',2,2
'201803','2309',' 청담역(우리들병원 앞)',1,0
'201803','2311',' 학동로 래미안 아파트 앞',1,1
'201803','2302',' 교보타워 버스정류장(신논현역 3번출구 후면)',1,2
'201803','2304',' 신영 ROYAL PALACE 앞',1,0
'201803','2305',' MCM 본사 직영점 앞',4,0
'201803','2306',' 압구정역 2번 출구 옆',5,4
'201803','2307',' 압구정 한양 3차 아파트',5,8
'201803','2308',' 압구정파출소 앞',2,3
'201803','2310',' 청담동 맥도날드 옆(위치)',2,4
'201803','2313',' 금원빌딩 앞',5,5
'201803','2348',' 포스코사거리(기업은행)',4,1
'201803','2314',' 청담나들목입구',0,2
'201803','2315',' 봉은사역 5번출구 옆',2,6
'201803','106',' 합정역 7번출구 앞',13,10
'201803','405',' DMC빌 앞',9,10
'201803','2316',' 삼성역 8번출구',2,1
'201803','2318',' 삼성중앙역4번출구(문화센터더 리빌)',2,3
'201803','2319',' 포스코4거리 서측(수협 삼성동 지점)',0,2
'201803','2321',' 학여울역 사거리',0,1
'201803','2325',' 대치동 버거킹대치점',2,0
'201803','2327',' 뱅뱅사거리 랜드마크타워 앞',0,3
'201803','2328',' 르네상스 호텔 사거리 역삼지하보도 7번출구 앞',0,1
'201803','2340',' 삼호물산버스정류장(23370) 옆',2,2
'201803','2342',' 대청역 1번출구  뒤',1,3
'201803','1308',' 안암로터리 버스정류장 앞',1,1
'201803','408',' LG CNS앞',0,2
'201803','1231',' 잠실역 6번출구',6,8
'201803','1306',' 한성대입구역2번출구',0,1
'201803','420',' 서울시 공공자전거 상암센터',2,2
'201803','1416',' 상봉역 3번출구',1,1
'201803','409',' 누리꿈스퀘어 옆',2,0
'201803','419',' 홈플러스 앞',7,6
'201803','1946',' 구로역 광장',1,0
'201803','418',' 월드컵경기장역 3번출구 옆',2,1
'201803','1210',' 롯데월드타워(잠실역2번출구 쪽)',10,8
'201803','1218',' 방이역 4번출구',1,1
'201803','1226',' 잠실4동 주민센터 옆',3,0
'201803','107',' 신한은행 서교동금융센터점 앞',2,7
'201803','1246',' 문정 법조단지10',2,0
'201803','412',' DMC산학협력연구센터 앞',1,0
'201803','1411',' 상봉시장앞 교차로 한성빌딩 앞',3,0
'201803','413',' 상암월드컵파크 3단지 후문',2,0
'201803','1931',' 개봉역(북측광장)',0,1
'201803','2026',' 흑석역 4번출구',1,0
'201803','2113',' 관악동작견인차량보관소',1,0
'201803','1955',' 디지털입구 교차로',0,1
'201803','414',' 상암동주민센터 옆',1,0
'201803','389',' 을지로4가역 1번출구',1,1
'201803','390',' 충무로역 1번출구',8,8
'201803','826',' 서울역 서부교차로2',6,13
'201803','1305',' 성북구청',0,1
'201803','415',' DMC역 9번출구 앞',0,1
'201803','2139',' 서울신성초등학교',6,8
'201803','2354',' 청담역 2번출구',0,2
'201803','2355',' 삼성역 5~6번 출구 사이',7,2
'201803','2360',' 도곡1동 주민센터 교차로',1,0
'201803','2349',' 역삼빌딩 앞(하나은행 옆)',0,1
'201803','2353',' 강남구청역 2번출구 뒤',1,1
'201803','422',' 문화비축기지',1,1
'201803','590',' 건국대학교 (입학정보관)',1,2
'201803','592',' 건국대학교 학생회관',12,7
'201803','2136',' 신림역 8번출구',2,0
'201803','391',' 정동길입구',1,1
'201803','450',' 효자동 삼거리',6,0
'201803','451',' 청와대앞길',8,2
'201803','501',' 광진구의회 앞',2,1
'201803','593','자양중앙나들목',1,1
'201803','3501',' 광진구청 앞',1,0
'201803','3504',' 원일교회',2,4
'201803','3505',' 신양초교앞 교차로',3,0
'201803','502',' 뚝섬유원지역 1번출구 앞',8,20
'201804',,,0,9
'201804','108',' 서교동 사거리',15,3
'201804','503',' 더샵스타시티 C동 앞',3,0
'201804','744',' 신목동역 2번 출구',2,4
'201804','746',' 목동2단지 상가',7,2
'201804','506',' 금호 어울림 아파트 앞',1,0
'201804','945',' 기자촌 사거리',1,1
'201804','508',' 성수아카데미타워 앞',2,4
'201804','1037',' 강일 6단지',0,2
'201804','509',' 이마트 버스정류소 옆',15,14
'201804','1155',' 기쁜우리복지관',2,2
'201804','510',' 서울숲 남문 버스정류소 옆',13,15
'201804','1251',' 석촌역 2번출구',2,0
'201804','1257',' 가락시장역 롯데마트앞',3,1
'201804','1259',' 방이역 1번출구',1,0
'201804','511',' 서울숲역 4번 출구 옆',8,12
'201804','1264',' 천호역 10번 출구 앞',1,2
'201804','1265',' 문정동 근린공원',1,1
'201804','1267',' 올림픽공원 남2문 앞',6,2
'201804','512',' 뚝섬역 1번 출구 옆',8,0
'201804','1448',' 코스트코 상봉점',0,1
'201804','109',' 제일빌딩 앞',4,7
'201804','1529',' 미아동 한국전력공사',0,1
'201804','1534',' 북서울 꿈의 숲 동문',1,2
'201804','513',' 뚝섬역 5번 출구 정류소 옆',0,1
'201804','514',' 성수사거리 버스정류장 앞',1,2
'201804','1653',' 노원역1번출구',1,0
'201804','2266',' 서초역 3번출구',1,0
'201804','2269',' 주홍교 하부',1,0
'201804','2273',' 일동제약 사거리',2,1
'201804','2276',' 영동1교 (양재천근린공원)',1,1
'201804','2277',' 길마중4교 하부',1,0
'201804','301',' 경복궁역 7번출구 앞',2,1
'201804','2361',' 압구정역 교차로',5,8
'201804','2362',' 신사동 가로수길 입구',5,4
'201804','2364',' 도산대로 렉서스 앞',3,2
'201804','2369',' KT선릉타워',1,6
'201804','2370',' 한티역 3번출구',0,2
'201804','302',' 경복궁역 4번출구 뒤',18,13
'201804','2377',' 수서역 5번출구 뒤',1,0
'201804','3100',' 북성초교',1,7
'201804','303',' 광화문역 1번출구 앞',2,1
'201804','3102',' 연희삼거리',0,2
'201804','3506',' 영동대교 북단',20,28
'201804','3508',' 화양사거리',1,2
'201804','3511',' 응봉역 1번출구',6,16
'201804','3515',' 서울숲 관리사무소',18,21
'201804','115',' 사루비아 빌딩 앞',7,5
'201804','304',' 광화문역 2번출구 앞',3,1
'201804','1336',' 성북3교 위',1,0
'201804','1337',' 돈암성당 옆',5,2
'201804','1338',' 용문2교 옆',1,1
'201804','1339',' 삼성전자서비스 성북센터',1,1
'201804','305',' 종로구청 옆',2,0
'201804','1351',' SK제삼주유소 앞',1,0
'201804','306',' 광화문역 7번출구 앞',3,0
'201804','1958',' 강서수도사업소민원센터',2,0
'201804','1961',' 신도림테크노근린공원',1,4
'201804','307',' 서울역사박물관 앞',5,3
'201804','2381',' 언주역 6번출구앞',0,1
'201804','1158',' 가양역 8번출구',1,1
'201804','309',' 광화문역 6번출구 옆',7,4
'201804','1160',' 양천향교역 7번출구앞',5,1
'201804','310',' 청계광장 옆',8,3
'201804','3518',' 군자역 7번출구뒤',0,1
'201804','311',' 서울광장 옆',22,27
'201804','1984',' 구로구청',1,0
'201804','1985',' 구로도서관',2,0
'201804','312',' 시청역 1번출구 뒤',11,17
'201804','313',' 서울역 광장 파출소 옆',6,2
'201804','1726',' 삼익세라믹아파트교차로',1,1
'201804','646',' 장한평역 1번출구 (국민은행앞)',1,0
'201804','110',' 사천교',0,1
'201804','314',' 국립현대미술관',10,2
'201804','650',' 중랑교사거리',2,4
'201804','315',' 신한은행 안국역지점 옆',5,2
'201804','2285',' LH서초3단지 301동 맞은편',0,1
'201804','2290',' 서래마을파리15구공원앞',1,0
'201804','274',' 영등포역지하쇼핑센타 5번출구',0,3
'201804','316',' 종각역 1번출구 앞',3,0
'201804','275',' 신동아아파트',8,8
'201804','278',' 쌍용플레티넘오피스텔',1,1
'201804','828',' 숙대입구역 8번',3,1
'201804','829',' 베르가모앞',4,4
'201804','831',' 이태원관광특구입구',7,4
'201804','1449',' 상봉역 1번출구',1,0
'201804','3519',' 용답역 1번 출구',2,2
'201804','832',' 이촌1동 주민센터 뒤',0,3
'201804','318',' 광교사거리 남측',6,2
'201804','834',' 효창공원앞역 3번출구 뒤',4,0
'201804','836',' 현대자동차서비스 앞',3,2
'201804','837',' 한남나들목 입구',4,3
'201804','279',' 영등포 푸르지오 아파트',0,1
'201804','2176',' 보라매공원 보도육교',1,0
'201804','2292',' 무지개아파트 앞',2,1
'201804','320',' 을지로입구역 4번출구 앞',14,8
'201804','2385',' 학동역',1,1
'201804','321',' KEB 하나은행 본점 앞',5,10
'201804','395',' 경희궁 자이 2단지',1,0
'201804','3522',' 사근삼거리',1,1
'201804','3520',' 광진경찰서',1,0
'201804','322',' 명동성당 앞',21,16
'201804','1539','19민주묘지역',1,0
'201804','116',' 일진아이윌아파트 옆',4,0
'201804','324',' 신세계백화점 본점 앞',22,31
'201804','2297',' 남부터미널역 1번출구',2,4
'201804','2298',' 래미안서초스위트앞',0,1
'201804','1285',' 위례별 유치원 뒤',1,1
'201804','1286',' 위례중앙푸르지오 1단지 앞',2,0
'201804','326',' 안국역 5번출구 앞',15,22
'201804','1289',' 풍납동 자전거보관소',1,0
'201804','327',' 낙원상가 옆',3,10
'201804','328',' 탑골공원 앞',15,13
'201804','329',' 청계2가 사거리 옆',10,12
'201804','330',' 청계천 한빛광장',0,1
'201804','331',' 을지로2가 사거리 북측',7,13
'201804','332',' 을지로2가 사거리 남측',1,0
'201804','111',' 상수역 2번출구 앞',13,12
'201804','334',' 종로3가역 2번출구 뒤',14,15
'201804','335',' 종로3가역 15번출구 앞',4,12
'201804','336',' 티마크 호텔 앞',6,5
'201804','337',' 창경궁 입구',3,2
'201804','338',' 세운스퀘어 앞',7,6
'201804','339',' 종로4가 사거리',16,15
'201804','340',' 혜화동 로터리',2,2
'201804','341',' 혜화역 3번출구 뒤',3,4
'201804','342',' 대학로 마로니에공원',3,3
'201804','343',' 예일빌딩(율곡로) 앞',14,5
'201804','112',' 극동방송국 앞',9,6
'201804','346',' 맥스타일 앞',27,23
'201804','347',' 동대문역사문화공원역 9번출구 앞',27,17
'201804','349',' 사직동주민센터',0,1
'201804','351',' 청운초교 앞 삼거리',5,2
'201804','352',' 중앙고입구 삼거리',3,0
'201804','353',' 재동초교 앞 삼거리',11,16
'201804','117',' 홍은사거리',2,2
'201804','354',' 포르투갈 대사관 앞',5,7
'201804','355',' 서울사대부속초교 앞',5,9
'201804','358',' 성대입구 사거리',14,13
'201804','359',' 원남동사거리',24,14
'201804','361',' 동묘앞역 1번출구 뒤',2,4
'201804','362',' 청계8가 사거리',3,2
'201804','363',' 신설동역 11번출구 뒤',2,2
'201804','113',' 홍대입구역 2번출구 앞',35,33
'201804','368',' SK 서린빌딩 앞',1,1
'201804','369',' 광화문 시민열린마당',21,27
'201804','348',' 독립문역 사거리',1,0
'201804','370',' 시청역(2호선) 9번출구 뒤',1,3
'201804','371',' 동대입구역 6번출구 뒤',4,1
'201804','374',' 청구역 2번출구 앞',1,0
'201804','118',' 광흥창역 2번출구 앞',4,4
'201804','377',' 서울역 4번출구 앞',3,13
'201804','378',' 청계7가 사거리',1,1
'201804','379',' 서울역9번출구',8,6
'201804','380',' CJ제일제당 앞',2,2
'201804','381',' 장충체육관',4,5
'201804','382',' 약수역 10번출구 앞',0,1
'201804','383',' 신당역 12번 출구 뒤',2,0
'201804','114',' 홍대입구역 8번출구 앞',10,24
'201804','142',' 아현역 4번출구 앞',0,1
'201804','143',' 공덕역 2번출구',1,3
'201804','144',' 공덕역 8번출구',5,16
'201804','145',' 공덕역 5번출구',2,1
'201804','146',' 마포역 1번출구 뒤',5,6
'201804','147',' 마포역 4번출구 뒤',8,9
'201804','148',' 용강동 주민센터 앞',0,2
'201804','150',' 서강대역 2번출구 앞',1,0
'201804','151',' 망원1동주민센터',2,0
'201804','152',' 마포구민체육센터 앞',4,4
'201804','119',' 서강나루 공원',1,2
'201804','154',' 마포구청역 ',3,3
'201804','155',' 가좌역1 번출구 뒤',1,1
'201804','156',' 서울서부지방법원 앞',0,1
'201804','159',' 이대역 4번 출구',0,4
'201804','160',' 북아현동 가구거리',6,3
'201804','162',' 봉원고가차도 밑',3,5
'201804','120',' 신수동 사거리',1,1
'201804','170',' 가재울 뉴타운 주유소 옆',1,1
'201804','172',' 서대문소방서',2,7
'201804','121',' 마포소방서 앞',4,4
'201804','173',' 서대문역 8번출구 앞',0,2
'201804','175',' 홍연2교옆',10,7
'201804','179',' 가좌역 4번출구 앞',3,6
'201804','180',' 충정로역 7번출구 뒤',2,2
'201804','519',' 양지사거리',2,1
'201804','521',' 왕십리역 11번 출구 앞',1,2
'201804','122',' 신성기사식당 앞',1,1
'201804','525',' 한양대병원사거리',10,2
'201804','529',' 장한평역 8번 출구 앞',0,5
'201804','537',' 한양대후문역 부근',3,1
'201804','539',' 군자교교차로',0,1
'201804','540',' 군자역 7번출구 베스트샵 앞',1,2
'201804','542',' 강변역 4번출구 뒤',4,0
'201804','543',' 구의공원(테크노마트 앞)',3,3
'201804','544',' 광남중학교',1,0
'201804','548',' 자양나들목',0,1
'201804','600',' 휘경2동 주민센터',2,0
'201804','602',' 장안동 사거리',7,7
'201804','609',' 제기2교',1,0
'201804','125',' 서강대 남문 옆',1,1
'201804','610',' 동대문중 교차로',6,6
'201804','227',' 양평2나들목 보행통로 입구',3,3
'201804','228',' 선유도역 3번출구 앞',4,3
'201804','126',' 서강대 후문 옆',6,1
'201804','232',' 양평우림 이비즈센타 앞',0,2
'201804','236',' 문래동자이아파트 앞',1,3
'201804','239',' 유스호스텔 앞',2,0
'201804','127',' 현대벤처빌 앞',2,0
'201804','243',' 이앤씨드림타워 앞',5,3
'201804','244',' 영등포삼환아파트 앞',7,6
'201804','247',' 당산역 10번출구 앞',1,8
'201804','248',' 초원아파트 앞',11,21
'201804','249',' 여의도중학교 옆',14,17
'201804','101',' (구)합정동 주민센터',4,2
'201804','128',' 신촌역(2호선) 1번출구 옆',13,13
'201804','257',' 신길삼거리(우리은행)',1,1
'201804','258',' 신길역3번출구',2,2
'201804','259',' 대방역6번출구',0,1
'201804','129',' 신촌역(2호선) 6번출구 옆',3,0
'201804','703',' 오목교역 7번출구 앞',4,3
'201804','130',' 신촌역(2호선) 7번출구 앞',9,4
'201804','800',' 목월공원 앞',1,0
'201804','802',' 한강진역 2번 출구 앞',5,5
'201804','803',' 한남초교 앞 보도육교',6,8
'201804','805',' 문배어린이공원 앞',2,3
'201804','806',' 전자랜드 본관 앞',2,1
'201804','807',' 서울역 12번 출구 앞',10,5
'201804','808',' 서빙고동 금호맨션 앞',5,2
'201804','131',' 증산2교',1,0
'201804','809',' 한남 유수지 복개주차장',8,13
'201804','810',' 이태원지하보도',5,4
'201804','811',' 녹사평역1번출구',18,15
'201804','812',' 용산전쟁기념관',6,8
'201804','813',' 삼각지역 3번출구',2,0
'201804','815',' LIG강촌아파트 103동앞',9,2
'201804','385',' 종각역 5번출구',3,2
'201804','387',' 훈련원공원주차장 앞',5,7
'201804','181',' 망원초록길 입구',3,2
'201804','132',' 창천문화공원',4,9
'201804','182',' 망원2빗물펌프장 앞',11,3
'201804','183',' 하늘채코오롱아파트 건너편',0,1
'201804','184',' SK망원동주유소 건너편',3,2
'201804','185',' 마포 신수공원 앞',1,2
'201804','186',' 월드컵공원',4,4
'201804','198',' 충정2교',5,4
'201804','556',' 달맞이공원',10,6
'201804','134',' 연세로 명물길',6,1
'201804','559',' 왕십리역 4번 출구 건너편',4,0
'201804','561',' 서울숲역 2번출구 앞',12,4
'201804','565',' 옥수역 3번출구',10,11
'201804','567',' 성수역 2번출구 앞',5,1
'201804','568',' 청계8가사거리 부근',4,4
'201804','583',' 청계천 생태교실 앞',1,1
'201804','136',' 대흥동 주민센터',1,1
'201804','571',' 어린이대공원역6번출구',5,1
'201804','572',' 국립정신 건강센터 앞',4,1
'201804','574',' 아차산역4번출구',3,3
'201804','576',' 광나루역 3번 출구',0,2
'201804','137',' NH농협 신촌지점 앞',5,0
'201804','623',' 서울시립대 정문 앞',2,0
'201804','631',' 답십리역 1번출구',1,1
'201804','102',' 망원역 1번출구 앞',5,3
'201804','138',' 신촌동 제1공영주차장 앞',2,5
'201804','633',' 청량리 기업은행 앞',2,2
'201804','634',' 외국어대 정문 앞',6,4
'201804','635',' 시조사 앞 (청량고정문 옆)',0,1
'201804','637',' KAIST 경영대학 앞',3,1
'201804','638',' 서울시립대 정보기술관',0,2
'201804','639',' 서울시립대 후문',5,5
'201804','641',' 용두역 4번출구',1,2
'201804','140',' 이화여대 후문',16,20
'201804','643',' 동대문구민체육센터 (육교아래)',3,3
'201804','230',' 영등포구청역 1번출구',3,2
'201804','260',' 여의도 마리나선착장 앞',13,11
'201804','264',' 교보생명보험 앞',1,1
'201804','141',' 연대 대운동장 옆',2,1
'201804','267',' 삼성화재 사옥 옆',0,3
'201804','270',' 증권거래소후문교차로',2,0
'201804','272',' 당산육갑문',13,12
'201804','139',' 연세대 정문 건너편',4,0
'201804','816',' 신용산역 6번출구 앞',13,15
'201804','817',' 삼각지역 4번출구 앞',2,6
'201804','818',' 숙명여대 입구 교차로',0,1
'201804','819',' 선린인터넷 고등학교',5,3
'201804','820',' 청파동입구 교차로',4,6
'201804','822',' 이촌1동 마을공원',1,0
'201804','825',' 서빙고동 주민센터 앞',8,15
'201804','199',' 서울 월드컵 경기장',6,5
'201804','388',' 동성중학교 앞',1,0
'201804','585',' 성수2가1동 공영주차장 인근',3,0
'201804','905',' 구파발역 2번출구',0,1
'201804','907',' CJ 드림시티',2,3
'201804','201',' 진미파라곤 앞',13,11
'201804','913',' 이마트 은평점',0,2
'201804','914',' 새절역 2번출구',3,2
'201804','915',' 증산역 4번출구',1,0
'201804','916',' 평생학습관 앞',2,0
'201804','921',' 신도고등학교',2,0
'201804','202',' 국민일보 앞',3,8
'201804','587',' KEB하나은행 성수중앙지점',2,0
'201804','1002',' 해공공원(천호동)',2,1
'201804','1008',' 암사역 3번출구(국민은행앞)',1,1
'201804','1009',' 천호역4번출구(현대백화점)',0,1
'201804','1011',' LIGA 아파트 앞',0,2
'201804','1014',' 강동구평생학습관앞',3,5
'201804','1015',' 샛마을 근린공원',2,0
'201804','103',' 망원역 2번출구 앞',9,7
'201804','204',' 국회의사당역 5번출구 옆',6,7
'201804','1019',' 다성이즈빌아파트(호원대 대각선 맞은편)',1,2
'201804','1021',' 강일동 리슈빌 빌딩앞',0,1
'201804','589',' 성수역3번출구',1,2
'201804','203',' 국회의사당역 3번출구 옆',7,8
'201804','1112',' 마곡엠밸리4단지 정문',1,1
'201804','1120',' 대림경동아파트앞',1,1
'201804','1121',' 가양레포츠센터앞',1,0
'201804','205',' 산업은행 앞',12,9
'201804','1122',' 황금내근린공원',0,1
'201804','1129',' 화곡역 1번 출구 앞',1,1
'201804','1131',' 꿈돌이공원 앞',0,1
'201804','206',' KBS 앞',7,11
'201804','1141',' 곰달래 문화복지센터 1-1',1,1
'201804','1205',' 종합운동장역 4번출구',0,1
'201804','1206',' 9호선종합운동장역 9번출구',3,1
'201804','1209',' 잠실나루역 (2번 출구 쪽)',1,0
'201804','1215',' 올림픽공원역 1번출구 앞',5,6
'201804','1220',' 잠실본동주민센터뒤 잠실근린공원',1,0
'201804','1222',' 잠실새내역 5번 출구 뒤',1,5
'201804','209',' 유진투자증권빌딩 앞',0,1
'201804','1232',' 롯데마트 주차장 옆',1,0
'201804','1233',' 잠실3거리(갤러리아팰리스)',0,1
'201804','210',' IFC몰',3,5
'201804','1316',' 고려사대부속중고 건너편 ',2,2
'201804','1318',' 길음역 3번출구 뒤',1,1
'201804','1319',' 종암사거리 분수대',1,0
'201804','1403',' 중화빌딩 앞 (동부시장)',2,0
'201804','1405',' 망우역 1번출구',0,1
'201804','211',' 여의도역 4번출구 옆',23,14
'201804','1327',' 상월곡역 3번출구',1,1
'201804','212',' 여의도역 1번출구 옆',21,18
'201804','213',' KT앞',11,15
'201804','1320',' 종암 농협지점 앞',0,1
'201804','104',' 합정역 1번출구 앞',8,15
'201804','214',' 금융감독원 앞',6,1
'201804','1611',' 과기대 입구(우)',1,0
'201804','9999','중랑센터2',3,0
'201804','219',' 롯데캐슬엠파이어 옆',5,4
'201804','220',' 미성아파트 A동 앞',6,9
'201804','1828',' 한양수자인아파트 앞',0,1
'201804','1831',' 메이퀸웨딩컨벤션 앞',1,0
'201804','1833',' 독산역 1번출구 앞 자전거보관소',2,0
'201804','215',' 여의도고교 앞',0,2
'201804','1703',' 도봉산광역환승센터앞 ',1,0
'201804','217',' NH농협은행 앞',1,3
'201804','1827',' 독산보도육교 앞 자전거 보관소',2,0
'201804','1906',' 신도림역 1번 출구 앞',3,4
'201804','1908',' 해원리바파크 육교 밑',1,1
'201804','1911',' 구로디지털단지역 앞',0,2
'201804','221',' 여의도초교 앞',2,4
'201804','222',' 시범아파트버스정류장 옆',4,7
'201804','2002',' 노들역 1번출구',3,3
'201804','223',' 진주아파트상가 앞',2,2
'201804','2025',' 흑석역 1번출구',4,12
'201804','2037',' 동작역 5번출구 동작주차공원',2,2
'201804','2038',' 동작역 7번출구',2,2
'201804','2050',' 노량진역 5번출구',0,1
'201804','105',' 합정역 5번출구 앞',8,9
'201804','224',' 롯데캐슬 앞',3,0
'201804','2102',' 봉림교 교통섬',4,7
'201804','2103',' 신림동 우방아파트',0,1
'201804','225',' 앙카라공원 앞',2,0
'201804','2107',' 도림천 신화교',2,0
'201804','226',' 샛강역 1번출구 앞',3,2
'201804','2130',' 영어마을 관악캠프',1,0
'201804','2140',' 신림1교 교차로',2,0
'201804','207',' 여의나루역 1번출구 앞',86,94
'201804','1211',' 방이삼거리',5,9
'201804','2210',' 반포1동 주민센터 앞',0,1
'201804','2212','서초현대4차아파트 201동 맞은편',1,0
'201804','2213',' 고속터미널역 5번출구 앞',5,1
'201804','2214',' 신반포역 2번출구 앞',1,1
'201804','2219',"' 고속터미널역 8-1번, 8-2번 출구 사이'",30,37
'201804','2220',' 반포본동 주민센터 앞',1,2
'201804','2221','하나은행 방배동지점 앞',1,1
'201804','2226',' 신동아럭스빌아파트 앞',0,1
'201804','2231',' 삼성타운(삼성생명) A동 맞은편',1,2
'201804','2237','서울남부터미널 대합실 입구',2,0
'201804','2239','교대역 6번출구',1,2
'201804','2241','양재전화국 사거리',4,2
'201804','2242','양재역 11번 출구 앞',3,3
'201804','2244','교육개발원입구 교차로',0,3
'201804','402',' 상암월드컵파크 9단지 앞',2,2
'201804','2255','시민의숲역 1번출구 옆',4,3
'201804','2257',' 하나로클럽 양재점 맞은편',1,1
'201804','2262',' 한신16차아파트 119동 앞',2,5
'201804','2301',' 현대고등학교 건너편',22,14
'201804','2343',' 세곡사거리 대왕파출소 앞',0,1
'201804','2309',' 청담역(우리들병원 앞)',4,1
'201804','2317',' 삼성도로공원',1,3
'201804','2302',' 교보타워 버스정류장(신논현역 3번출구 후면)',3,2
'201804','2303',' 논현역 7번출구',1,2
'201804','2304',' 신영 ROYAL PALACE 앞',3,0
'201804','2306',' 압구정역 2번 출구 옆',3,5
'201804','2307',' 압구정 한양 3차 아파트',0,10
'201804','2308',' 압구정파출소 앞',0,4
'201804','2310',' 청담동 맥도날드 옆(위치)',1,3
'201804','2312',' 청담역 13번 출구 앞',0,1
'201804','2313',' 금원빌딩 앞',4,5
'201804','2314',' 청담나들목입구',2,2
'201804','2315',' 봉은사역 5번출구 옆',3,1
'201804','106',' 합정역 7번출구 앞',4,14
'201804','405',' DMC빌 앞',6,3
'201804','2316',' 삼성역 8번출구',4,5
'201804','2318',' 삼성중앙역4번출구(문화센터더 리빌)',4,8
'201804','2322',' 삼성역 3번 출구',0,1
'201804','406',' 상암월드컵파크 7단지 앞',1,1
'201804','2327',' 뱅뱅사거리 랜드마크타워 앞',2,1
'201804','2328',' 르네상스 호텔 사거리 역삼지하보도 7번출구 앞',3,3
'201804','2329',' 르네상스호텔사거리 역삼지하보도 2번출구',1,0
'201804','2330',' 스타벅스 앞',3,1
'201804','2335',' 3호선 매봉역 3번출구앞',0,1
'201804','421',' 마포구청 앞',8,3
'201804','2342',' 대청역 1번출구  뒤',25,21
'201804','1308',' 안암로터리 버스정류장 앞',1,1
'201804','1018',' 둔촌 주공 GS 맞은편',0,1
'201804','1212',' 송파역 2번 출구앞',1,0
'201804','408',' LG CNS앞',2,1
'201804','1231',' 잠실역 6번출구',8,11
'201804','420',' 서울시 공공자전거 상암센터',6,7
'201804','1416',' 상봉역 3번출구',1,0
'201804','409',' 누리꿈스퀘어 옆',0,1
'201804','1605',' 헬스케어',0,1
'201804','1628',' 노일초등학교 앞',2,2
'201804','419',' 홈플러스 앞',10,11
'201804','1946',' 구로역 광장',1,1
'201804','2003',' 사육신공원앞',0,2
'201804','2250',' 서초유치원 맞은편',1,0
'201804','2141',' 미림여고입구 교차로',1,1
'201804','418',' 월드컵경기장역 3번출구 옆',4,4
'201804','2252',' 하이브랜드 앞',2,2
'201804','1210',' 롯데월드타워(잠실역2번출구 쪽)',39,38
'201804','1218',' 방이역 4번출구',13,18
'201804','1226',' 잠실4동 주민센터 옆',2,2
'201804','107',' 신한은행 서교동금융센터점 앞',5,6
'201804','411',' DMC홍보관',3,2
'201804','1245',' 문정 법조단지9',1,0
'201804','1246',' 문정 법조단지10',1,1
'201804','1247',' 문정 법조단지11',3,2
'201804','1248',' 방이초등학교',1,2
'201804','1249',' 아주중학교건너편',1,2
'201804','412',' DMC산학협력연구센터 앞',2,2
'201804','1328',' 월곡역 3번출구',1,1
'201804','1914',' 대림역4번출구',0,1
'201804','413',' 상암월드컵파크 3단지 후문',2,2
'201804','2032',' 이수역 11번출구쪽',1,0
'201804','2215',' 반포종합운동장 입구',1,0
'201804','417',' DMC역 2번출구 옆',2,0
'201804','1204',' 거여역 3번출구',1,0
'201804','1303',' 돈암초교 입구',2,3
'201804','2026',' 흑석역 4번출구',3,1
'201804','1221',' 삼전사거리 포스코더샵',2,2
'201804','2113',' 관악동작견인차량보관소',3,0
'201804','1955',' 디지털입구 교차로',0,1
'201804','414',' 상암동주민센터 옆',0,2
'201804','449',' 일성아파트',0,1
'201804','389',' 을지로4가역 1번출구',7,9
'201804','390',' 충무로역 1번출구',5,5
'201804','826',' 서울역 서부교차로2',4,4
'201804','2265',' 이수고가차도 남단',1,1
'201804','415',' DMC역 9번출구 앞',2,0
'201804','2139',' 서울신성초등학교',4,6
'201804','2355',' 삼성역 5~6번 출구 사이',3,3
'201804','2360',' 도곡1동 주민센터 교차로',1,1
'201804','416',' 상암월드컵파크 1단지 교차로',1,1
'201804','2347',' 두산건설 본사',2,0
'201804','2111',' 서울대입구역 1번출구',0,1
'201804','422',' 문화비축기지',11,8
'201804','500',' 어린이대공원역 3번출구 앞',0,3
'201804','590',' 건국대학교 (입학정보관)',6,4
'201804','592',' 건국대학교 학생회관',4,9
'201804','391',' 정동길입구',2,4
'201804','450',' 효자동 삼거리',12,8
'201804','451',' 청와대앞길',8,5
'201804','501',' 광진구의회 앞',3,4
'201804','593','자양중앙나들목',1,3
'201804','3502',' 중곡역 1번출구',1,0
'201804','3503',' 광진유진스웰',0,2
'201804','3504',' 원일교회',3,0
'201804','3505',' 신양초교앞 교차로',2,3
'201804','502',' 뚝섬유원지역 1번출구 앞',25,23
'201805',,,0,11
'201805','108',' 서교동 사거리',7,8
'201805','503',' 더샵스타시티 C동 앞',1,1
'201805','505',' 자양사거리 광진아크로텔 앞',0,1
'201805','506',' 금호 어울림 아파트 앞',0,1
'201805','953',' 서울연신초등학교',1,0
'201805','507',' 성수아이에스비즈타워 앞',1,0
'201805','1027',' 프라자 아파트 앞',1,1
'201805','1030',' 미호 플랜트 앞',0,1
'201805','508',' 성수아카데미타워 앞',1,0
'201805','1035',' 고덕역 4번출구',1,1
'201805','509',' 이마트 버스정류소 옆',15,14
'201805','1153',' 발산역 2번출구',1,1
'201805','1155',' 기쁜우리복지관',1,0
'201805','510',' 서울숲 남문 버스정류소 옆',11,9
'201805','1251',' 석촌역 2번출구',0,1
'201805','1259',' 방이역 1번출구',1,0
'201805','1260',' 방이동 한양3차아파트 옆',6,4
'201805','511',' 서울숲역 4번 출구 옆',10,10
'201805','1262',' 송파여성문화회관 앞',2,0
'201805','1265',' 문정동 근린공원',2,0
'201805','1267',' 올림픽공원 남2문 앞',4,3
'201805','1268',' 몽촌토성역 1번출구 옆',15,10
'201805','1269',' 리센츠아파트 ',4,2
'201805','512',' 뚝섬역 1번 출구 옆',7,2
'201805','1448',' 코스트코 상봉점',1,6
'201805','109',' 제일빌딩 앞',12,12
'201805','400',' 상암한화오벨리스크 1차 앞',0,1
'201805','1527',' 미아역 1번 출구 뒤',0,1
'201805','1529',' 미아동 한국전력공사',1,0
'201805','513',' 뚝섬역 5번 출구 정류소 옆',3,2
'201805','1643',' 태릉입구역 8번출구',1,0
'201805','514',' 성수사거리 버스정류장 앞',3,3
'201805','1714',' 도봉문화정보도서관 삼거리',1,0
'201805','516',' 광진메디칼 앞',1,1
'201805','2058',' 노량진동 맥도널드앞',0,4
'201805','2059',' 보라매공원 정문',1,0
'201805','2159',' 인헌초교',4,0
'201805','300',' 정동사거리',1,0
'201805','2268',' 서초4동주민센터 ',1,0
'201805','2271',' 내방역 8번출구 앞',1,0
'201805','2274',' 양재시민의숲역 3번출구',4,3
'201805','2277',' 길마중4교 하부',3,4
'201805','301',' 경복궁역 7번출구 앞',2,2
'201805','2361',' 압구정역 교차로',3,1
'201805','2362',' 신사동 가로수길 입구',11,8
'201805','2363',' 강남 을지병원 교차로',1,1
'201805','2365',' K+ 타워 앞',11,6
'201805','2369',' KT선릉타워',3,3
'201805','302',' 경복궁역 4번출구 뒤',20,13
'201805','2372',' 대치역 사거리',0,1
'201805','2377',' 수서역 5번출구 뒤',4,5
'201805','3100',' 북성초교',2,0
'201805','3101',' 서대문구청',4,4
'201805','303',' 광화문역 1번출구 앞',6,1
'201805','3102',' 연희삼거리',1,1
'201805','3506',' 영동대교 북단',10,15
'201805','3508',' 화양사거리',1,0
'201805','3511',' 응봉역 1번출구',11,12
'201805','3514',' 왕십리교회옆',1,2
'201805','3515',' 서울숲 관리사무소',18,22
'201805','115',' 사루비아 빌딩 앞',10,12
'201805','304',' 광화문역 2번출구 앞',8,9
'201805','1337',' 돈암성당 옆',2,0
'201805','305',' 종로구청 옆',4,4
'201805','1351',' SK제삼주유소 앞',6,3
'201805','1352',' e 편한세상 보문아파트 내',2,0
'201805','306',' 광화문역 7번출구 앞',10,11
'201805','1958',' 강서수도사업소민원센터',1,1
'201805','1961',' 신도림테크노근린공원',1,2
'201805','1967',' 참새공원(백곡경노당)',1,0
'201805','307',' 서울역사박물관 앞',4,5
'201805','1974',' 신도림2차e편한세상아파트 203동 앞',1,1
'201805','308',' 광화문 S타워 앞',2,0
'201805','2381',' 언주역 6번출구앞',2,7
'201805','309',' 광화문역 6번출구 옆',3,2
'201805','1160',' 양천향교역 7번출구앞',2,1
'201805','1161',' 강서면허시험장앞',1,3
'201805','310',' 청계광장 옆',9,4
'201805','3518',' 군자역 7번출구뒤',0,2
'201805','2169',' 봉천역 2번출구',2,1
'201805','3517',' 용마사거리',2,0
'201805','2172',' 나들목공원',1,0
'201805','2173',' 당곡사거리',3,2
'201805','311',' 서울광장 옆',25,15
'201805','2175',' 신림동걷고싶은문화의거리입구',0,1
'201805','1985',' 구로도서관',1,0
'201805','312',' 시청역 1번출구 뒤',12,14
'201805','313',' 서울역 광장 파출소 옆',6,1
'201805','1726',' 삼익세라믹아파트교차로',2,2
'201805','110',' 사천교',1,0
'201805','314',' 국립현대미술관',17,13
'201805','650',' 중랑교사거리',0,4
'201805','2279',' 교대역 5번출구뒤',2,1
'201805','315',' 신한은행 안국역지점 옆',5,9
'201805','2290',' 서래마을파리15구공원앞',1,0
'201805','1354',' 고려대학교 2번출구',9,8
'201805','274',' 영등포역지하쇼핑센타 5번출구',2,4
'201805','316',' 종각역 1번출구 앞',10,4
'201805','276',' SK 영등포주유소',1,4
'201805','828',' 숙대입구역 8번',6,3
'201805','829',' 베르가모앞',14,11
'201805','831',' 이태원관광특구입구',8,19
'201805','954',' 은평뉴타운구파발9단지',1,1
'201805','1449',' 상봉역 1번출구',0,1
'201805','3519',' 용답역 1번 출구',4,1
'201805','832',' 이촌1동 주민센터 뒤',17,9
'201805','318',' 광교사거리 남측',6,4
'201805','834',' 효창공원앞역 3번출구 뒤',1,5
'201805','835',' 남영역 건너편',1,1
'201805','836',' 현대자동차서비스 앞',7,6
'201805','837',' 한남나들목 입구',22,17
'201805','1355',' 보문2교',3,2
'201805','1167',' 마곡수명산파크3단지 교차로',2,0
'201805','279',' 영등포 푸르지오 아파트',0,1
'201805','2063',' 대방역 4번출구',2,3
'201805','2176',' 보라매공원 보도육교',1,0
'201805','320',' 을지로입구역 4번출구 앞',5,19
'201805','2385',' 학동역',2,2
'201805','321',' KEB 하나은행 본점 앞',16,4
'201805','393',' 동대문역 8번 출구',15,24
'201805','394',' 경희궁 자이 3단지',0,3
'201805','395',' 경희궁 자이 2단지',1,1
'201805','838',' 숙대입구역 4번출구',2,3
'201805','3522',' 사근삼거리',12,17
'201805','322',' 명동성당 앞',2,9
'201805','1539','19민주묘지역',1,0
'201805','116',' 일진아이윌아파트 옆',4,3
'201805','324',' 신세계백화점 본점 앞',18,24
'201805','1851',' 가산디지털단지 7번출구',1,1
'201805','2298',' 래미안서초스위트앞',1,1
'201805','1278',' 송파구청 교차로',6,4
'201805','1286',' 위례중앙푸르지오 1단지 앞',0,1
'201805','326',' 안국역 5번출구 앞',5,13
'201805','327',' 낙원상가 옆',3,11
'201805','397',' 종묘공영주차장 건너편',1,2
'201805','328',' 탑골공원 앞',13,11
'201805','329',' 청계2가 사거리 옆',9,13
'201805','330',' 청계천 한빛광장',2,1
'201805','331',' 을지로2가 사거리 북측',17,10
'201805','332',' 을지로2가 사거리 남측',3,2
'201805','111',' 상수역 2번출구 앞',15,13
'201805','334',' 종로3가역 2번출구 뒤',10,7
'201805','335',' 종로3가역 15번출구 앞',11,6
'201805','336',' 티마크 호텔 앞',7,6
'201805','337',' 창경궁 입구',10,6
'201805','338',' 세운스퀘어 앞',1,4
'201805','339',' 종로4가 사거리',4,4
'201805','340',' 혜화동 로터리',2,1
'201805','341',' 혜화역 3번출구 뒤',5,1
'201805','342',' 대학로 마로니에공원',3,4
'201805','112',' 극동방송국 앞',15,11
'201805','344',' 성균관대 E하우스 앞',3,0
'201805','346',' 맥스타일 앞',21,30
'201805','347',' 동대문역사문화공원역 9번출구 앞',16,19
'201805','351',' 청운초교 앞 삼거리',4,9
'201805','352',' 중앙고입구 삼거리',3,9
'201805','353',' 재동초교 앞 삼거리',24,13
'201805','354',' 포르투갈 대사관 앞',15,12
'201805','355',' 서울사대부속초교 앞',2,0
'201805','358',' 성대입구 사거리',5,9
'201805','359',' 원남동사거리',9,2
'201805','361',' 동묘앞역 1번출구 뒤',12,13
'201805','362',' 청계8가 사거리',1,4
'201805','363',' 신설동역 11번출구 뒤',6,4
'201805','364',' 창신역 1번출구 앞',1,1
'201805','113',' 홍대입구역 2번출구 앞',22,26
'201805','367',' 독립문역 3-1번출구 ',1,0
'201805','368',' SK 서린빌딩 앞',0,3
'201805','369',' 광화문 시민열린마당',19,13
'201805','348',' 독립문역 사거리',2,1
'201805','370',' 시청역(2호선) 9번출구 뒤',2,1
'201805','371',' 동대입구역 6번출구 뒤',2,1
'201805','118',' 광흥창역 2번출구 앞',1,2
'201805','377',' 서울역 4번출구 앞',5,5
'201805','378',' 청계7가 사거리',2,1
'201805','379',' 서울역9번출구',6,8
'201805','380',' CJ제일제당 앞',4,6
'201805','381',' 장충체육관',2,1
'201805','382',' 약수역 10번출구 앞',0,2
'201805','383',' 신당역 12번 출구 뒤',4,5
'201805','114',' 홍대입구역 8번출구 앞',14,18
'201805','142',' 아현역 4번출구 앞',0,1
'201805','143',' 공덕역 2번출구',6,6
'201805','144',' 공덕역 8번출구',16,14
'201805','145',' 공덕역 5번출구',3,3
'201805','146',' 마포역 1번출구 뒤',3,15
'201805','147',' 마포역 4번출구 뒤',9,5
'201805','150',' 서강대역 2번출구 앞',4,0
'201805','151',' 망원1동주민센터',0,1
'201805','152',' 마포구민체육센터 앞',16,12
'201805','119',' 서강나루 공원',5,5
'201805','153',' 성산2교 사거리',1,1
'201805','154',' 마포구청역 ',1,4
'201805','155',' 가좌역1 번출구 뒤',1,0
'201805','156',' 서울서부지방법원 앞',1,2
'201805','158',' 독립문 어린이 공원',1,2
'201805','159',' 이대역 4번 출구',0,7
'201805','160',' 북아현동 가구거리',4,5
'201805','162',' 봉원고가차도 밑',7,3
'201805','165',' 중앙근린공원',0,2
'201805','167',' 연가초등학교 옆',1,0
'201805','170',' 가재울 뉴타운 주유소 옆',2,2
'201805','171',' 임광빌딩 앞',0,2
'201805','172',' 서대문소방서',3,3
'201805','121',' 마포소방서 앞',1,0
'201805','173',' 서대문역 8번출구 앞',1,4
'201805','175',' 홍연2교옆',1,2
'201805','179',' 가좌역 4번출구 앞',6,2
'201805','180',' 충정로역 7번출구 뒤',0,2
'201805','518',' 청계천 박물관 앞',1,0
'201805','520',' 상왕십리역 4번 출구 앞',0,2
'201805','521',' 왕십리역 11번 출구 앞',9,4
'201805','522',' 금호역 1번출구 앞',0,1
'201805','523',' 옥수동성당 옆',3,0
'201805','122',' 신성기사식당 앞',7,2
'201805','525',' 한양대병원사거리',30,22
'201805','535',' 응봉삼거리',2,2
'201805','537',' 한양대후문역 부근',2,0
'201805','550',' 서울시설공단 앞',0,1
'201805','539',' 군자교교차로',0,1
'201805','542',' 강변역 4번출구 뒤',0,2
'201805','543',' 구의공원(테크노마트 앞)',1,2
'201805','544',' 광남중학교',0,1
'201805','546',' 잠실대교북단 교차로',3,0
'201805','549',' 아차산역 3번출구',1,1
'201805','124',' 서강대 정문 건너편',1,1
'201805','602',' 장안동 사거리',4,6
'201805','609',' 제기2교',3,0
'201805','125',' 서강대 남문 옆',6,4
'201805','610',' 동대문중 교차로',5,3
'201805','612',' 시립동부병원 앞 사거리',1,0
'201805','613',' 신설동역 10번출구 앞',11,1
'201805','227',' 양평2나들목 보행통로 입구',1,1
'201805','228',' 선유도역 3번출구 앞',3,4
'201805','126',' 서강대 후문 옆',17,12
'201805','233',' YP 센터 앞',0,2
'201805','234',' 영등포구민체육센터 앞',1,0
'201805','237',' 보라매 두산위브 건너편',1,1
'201805','238',' 제2구민체육센타 앞',1,0
'201805','239',' 유스호스텔 앞',0,1
'201805','127',' 현대벤처빌 앞',1,1
'201805','243',' 이앤씨드림타워 앞',0,3
'201805','244',' 영등포삼환아파트 앞',4,3
'201805','247',' 당산역 10번출구 앞',1,1
'201805','248',' 초원아파트 앞',4,4
'201805','249',' 여의도중학교 옆',13,18
'201805','251',' 서울지방병무청 버스정류장',1,1
'201805','101',' (구)합정동 주민센터',3,0
'201805','128',' 신촌역(2호선) 1번출구 옆',17,7
'201805','256',' 동아에코빌입구',1,0
'201805','258',' 신길역3번출구',1,0
'201805','259',' 대방역6번출구',3,8
'201805','129',' 신촌역(2호선) 6번출구 옆',3,3
'201805','703',' 오목교역 7번출구 앞',2,4
'201805','708',' 서울출입국관리사무소 앞',2,0
'201805','130',' 신촌역(2호선) 7번출구 앞',13,17
'201805','800',' 목월공원 앞',2,0
'201805','802',' 한강진역 2번 출구 앞',8,13
'201805','803',' 한남초교 앞 보도육교',1,3
'201805','805',' 문배어린이공원 앞',9,8
'201805','806',' 전자랜드 본관 앞',0,1
'201805','807',' 서울역 12번 출구 앞',4,4
'201805','808',' 서빙고동 금호맨션 앞',2,4
'201805','809',' 한남 유수지 복개주차장',2,2
'201805','810',' 이태원지하보도',7,5
'201805','811',' 녹사평역1번출구',6,6
'201805','812',' 용산전쟁기념관',4,0
'201805','813',' 삼각지역 3번출구',4,6
'201805','815',' LIG강촌아파트 103동앞',11,4
'201805','385',' 종각역 5번출구',9,6
'201805','387',' 훈련원공원주차장 앞',6,7
'201805','181',' 망원초록길 입구',2,2
'201805','132',' 창천문화공원',4,7
'201805','182',' 망원2빗물펌프장 앞',7,4
'201805','183',' 하늘채코오롱아파트 건너편',1,0
'201805','185',' 마포 신수공원 앞',4,4
'201805','186',' 월드컵공원',11,6
'201805','191',' 정명학원',0,1
'201805','192',' 연서어린이공원',1,0
'201805','178',' 증산3교 앞',2,0
'201805','133',' 해담는다리',1,0
'201805','194',' 증산교 앞',5,2
'201805','196',' 연희교차로 인근',3,1
'201805','198',' 충정2교',1,1
'201805','556',' 달맞이공원',4,4
'201805','558',' 성동광진 교육지원청 앞',0,1
'201805','134',' 연세로 명물길',4,4
'201805','559',' 왕십리역 4번 출구 건너편',2,5
'201805','561',' 서울숲역 2번출구 앞',3,2
'201805','564',' 금호역 3번출구',1,1
'201805','565',' 옥수역 3번출구',18,20
'201805','568',' 청계8가사거리 부근',3,4
'201805','135',' 명물길 원형무대 앞',4,3
'201805','583',' 청계천 생태교실 앞',13,9
'201805','553',' 중곡 성원APT 앞',2,2
'201805','136',' 대흥동 주민센터',1,0
'201805','571',' 어린이대공원역6번출구',1,0
'201805','574',' 아차산역4번출구',1,1
'201805','577',' 광진청소년수련관',1,2
'201805','621',' 동대문중학교 옆',1,0
'201805','626',' 군자교 서측 녹지대',1,2
'201805','630',' 동대문구 보건소',3,2
'201805','102',' 망원역 1번출구 앞',2,4
'201805','138',' 신촌동 제1공영주차장 앞',2,1
'201805','633',' 청량리 기업은행 앞',2,0
'201805','634',' 외국어대 정문 앞',20,11
'201805','635',' 시조사 앞 (청량고정문 옆)',0,1
'201805','639',' 서울시립대 후문',0,1
'201805','641',' 용두역 4번출구',3,5
'201805','140',' 이화여대 후문',4,16
'201805','643',' 동대문구민체육센터 (육교아래)',2,2
'201805','230',' 영등포구청역 1번출구',0,1
'201805','260',' 여의도 마리나선착장 앞',2,2
'201805','268',' 그랜드컨벤션센터 앞',2,0
'201805','271',' 샛강생태공원방문자센터 앞',1,0
'201805','272',' 당산육갑문',9,6
'201805','139',' 연세대 정문 건너편',0,1
'201805','816',' 신용산역 6번출구 앞',10,21
'201805','817',' 삼각지역 4번출구 앞',5,3
'201805','818',' 숙명여대 입구 교차로',1,1
'201805','819',' 선린인터넷 고등학교',3,1
'201805','820',' 청파동입구 교차로',2,1
'201805','825',' 서빙고동 주민센터 앞',8,19
'201805','199',' 서울 월드컵 경기장',7,8
'201805','388',' 동성중학교 앞',1,4
'201805','584',' 광진광장 교통섬',3,1
'201805','585',' 성수2가1동 공영주차장 인근',4,8
'201805','904',' 은평뉴타운 푸르지오',1,0
'201805','905',' 구파발역 2번출구',0,2
'201805','201',' 진미파라곤 앞',6,6
'201805','912',' 응암오거리',1,0
'201805','914',' 새절역 2번출구',1,1
'201805','921',' 신도고등학교',1,0
'201805','202',' 국민일보 앞',8,5
'201805','926',' 불광역 8번출구',1,0
'201805','928',' 은평역사한옥박물관',1,1
'201805','587',' KEB하나은행 성수중앙지점',0,2
'201805','1001',' 광진교 남단 사거리(디지털프라자앞)',1,1
'201805','1002',' 해공공원(천호동)',0,2
'201805','1008',' 암사역 3번출구(국민은행앞)',1,0
'201805','1009',' 천호역4번출구(현대백화점)',1,0
'201805','1011',' LIGA 아파트 앞',6,12
'201805','1014',' 강동구평생학습관앞',6,6
'201805','204',' 국회의사당역 5번출구 옆',0,4
'201805','1016',' 해뜨는 주유소옆 리엔파크 109동앞',0,1
'201805','1022',' 길동 사거리(초소앞)',0,1
'201805','589',' 성수역3번출구',3,2
'201805','1101',' 개화동상사마을종점 버스정류장',1,1
'201805','1105',' 방화근린공원',1,0
'201805','203',' 국회의사당역 3번출구 옆',2,6
'201805','1118',' 증미역 3번출구뒤(등촌두산위브센티움오피스텔)',2,2
'201805','1120',' 대림경동아파트앞',0,3
'201805','205',' 산업은행 앞',1,1
'201805','1123',' 공암나루근린공원 관리사무소옆',3,4
'201805','1130',' 화곡본동시장 버스정류장',2,0
'201805','1131',' 꿈돌이공원 앞',2,0
'201805','1132',' 등촌역 7번출구',0,1
'201805','206',' KBS 앞',3,1
'201805','1205',' 종합운동장역 4번출구',7,14
'201805','1206',' 9호선종합운동장역 9번출구',3,7
'201805','1209',' 잠실나루역 (2번 출구 쪽)',8,5
'201805','1215',' 올림픽공원역 1번출구 앞',1,0
'201805','1222',' 잠실새내역 5번 출구 뒤',1,5
'201805','209',' 유진투자증권빌딩 앞',3,4
'201805','1232',' 롯데마트 주차장 옆',1,0
'201805','1233',' 잠실3거리(갤러리아팰리스)',2,0
'201805','1235',' 잠실트리지움310동 옆',1,1
'201805','176',' 명지대학교 도서관',1,0
'201805','210',' IFC몰',9,16
'201805','1403',' 중화빌딩 앞 (동부시장)',5,1
'201805','1405',' 망우역 1번출구',2,2
'201805','211',' 여의도역 4번출구 옆',15,22
'201805','1412',' 면목초등학교',1,0
'201805','212',' 여의도역 1번출구 옆',11,2
'201805','213',' KT앞',4,1
'201805','104',' 합정역 1번출구 앞',9,7
'201805','214',' 금융감독원 앞',3,0
'201805','1601',' 석계역 문화광장 내 자전거 보관소',0,1
'201805','1611',' 과기대 입구(우)',8,10
'201805','218',' 증권거래소 앞',1,1
'201805','219',' 롯데캐슬엠파이어 옆',2,0
'201805','1806',' 에이스하이엔드타워9차 앞',0,1
'201805','1816',' 금천폭포공원 앞',0,1
'201805','220',' 미성아파트 A동 앞',11,6
'201805','215',' 여의도고교 앞',1,4
'201805','1834',' 월드메르디앙 벤처센터 2차',2,2
'201805','216',' 삼부아파트1동 앞',2,1
'201805','1321',' 국민은행 종암동지점 앞',2,0
'201805','1703',' 도봉산광역환승센터앞 ',2,0
'201805','1827',' 독산보도육교 앞 자전거 보관소',0,2
'201805','1906',' 신도림역 1번 출구 앞',7,5
'201805','1911',' 구로디지털단지역 앞',1,0
'201805','221',' 여의도초교 앞',3,5
'201805','1916',' 구로중학교앞',1,0
'201805','1928',' 고척스카이돔구장 광장',1,0
'201805','222',' 시범아파트버스정류장 옆',6,5
'201805','2002',' 노들역 1번출구',7,7
'201805','2016',' 신대방삼거리역 3번출구쪽',1,1
'201805','223',' 진주아파트상가 앞',1,0
'201805','2024',' 상도역 1번출구',2,0
'201805','2025',' 흑석역 1번출구',22,20
'201805','2027',' 중앙대학교 정문',14,12
'201805','2037',' 동작역 5번출구 동작주차공원',7,2
'201805','2038',' 동작역 7번출구',2,0
'201805','2040',' 비계 버스정류소',4,0
'201805','2050',' 노량진역 5번출구',5,3
'201805','105',' 합정역 5번출구 앞',11,5
'201805','224',' 롯데캐슬 앞',0,1
'201805','2102',' 봉림교 교통섬',2,3
'201805','2103',' 신림동 우방아파트',1,1
'201805','2135',' 신림역 5번출구',1,2
'201805','225',' 앙카라공원 앞',0,2
'201805','2107',' 도림천 신화교',10,7
'201805','226',' 샛강역 1번출구 앞',4,5
'201805','2128',' 관악구청교차로',0,2
'201805','2129',' 낙성대 과학전시관',0,1
'201805','2140',' 신림1교 교차로',2,0
'201805','2012',' 녹십초요양병원앞',2,4
'201805','2033',' 사당동 아르테스 웨딩앞',1,0
'201805','207',' 여의나루역 1번출구 앞',112,100
'201805','1608',' 공릉역 1번 출구 앞',2,0
'201805','1211',' 방이삼거리',3,1
'201805','1214',' 오금역 7번 출구 인근',0,1
'201805','2201',' 본마을 정류소 앞',2,2
'201805','2213',' 고속터미널역 5번출구 앞',3,0
'201805','2214',' 신반포역 2번출구 앞',5,13
'201805','2217','아크로리버뷰 부지 앞',4,9
'201805','2219',"' 고속터미널역 8-1번, 8-2번 출구 사이'",30,61
'201805','2220',' 반포본동 주민센터 앞',2,14
'201805','2223',' 방배래미안 정문 앞',1,2
'201805','2227','방배열린문화센터 앞',2,2
'201805','2228','뒷벌공원 옆',3,2
'201805','2230','이수역 4번 출구',1,0
'201805','2231',' 삼성타운(삼성생명) A동 맞은편',3,5
'201805','2237','서울남부터미널 대합실 입구',1,0
'201805','2242','양재역 11번 출구 앞',2,2
'201805','2243','서울가정법원',1,0
'201805','2244','교육개발원입구 교차로',2,3
'201805','402',' 상암월드컵파크 9단지 앞',1,1
'201805','2255','시민의숲역 1번출구 옆',0,3
'201805','2257',' 하나로클럽 양재점 맞은편',0,1
'201805','2262',' 한신16차아파트 119동 앞',11,12
'201805','2301',' 현대고등학교 건너편',22,18
'201805','2343',' 세곡사거리 대왕파출소 앞',0,1
'201805','403',' 부엉이공원 앞',2,0
'201805','2259',' 잠원역 3번-4번 출구사이 ',0,1
'201805','2317',' 삼성도로공원',3,3
'201805','2302',' 교보타워 버스정류장(신논현역 3번출구 후면)',2,13
'201805','2303',' 논현역 7번출구',4,6
'201805','2306',' 압구정역 2번 출구 옆',1,9
'201805','2307',' 압구정 한양 3차 아파트',7,8
'201805','2308',' 압구정파출소 앞',3,2
'201805','2310',' 청담동 맥도날드 옆(위치)',2,2
'201805','2312',' 청담역 13번 출구 앞',4,1
'201805','2313',' 금원빌딩 앞',6,5
'201805','2348',' 포스코사거리(기업은행)',1,0
'201805','2315',' 봉은사역 5번출구 옆',3,1
'201805','106',' 합정역 7번출구 앞',7,19
'201805','405',' DMC빌 앞',6,8
'201805','2316',' 삼성역 8번출구',3,7
'201805','2318',' 삼성중앙역4번출구(문화센터더 리빌)',3,2
'201805','2320',' 도곡역 대치지구대 방향',1,1
'201805','2322',' 삼성역 3번 출구',2,2
'201805','2324',' 천주교 대치 2동 교회 옆',1,0
'201805','406',' 상암월드컵파크 7단지 앞',1,1
'201805','2327',' 뱅뱅사거리 랜드마크타워 앞',0,1
'201805','2328',' 르네상스 호텔 사거리 역삼지하보도 7번출구 앞',3,2
'201805','2329',' 르네상스호텔사거리 역삼지하보도 2번출구',0,1
'201805','2331',' 동영문화센터앞',0,1
'201805','2332',' 선릉역3번출구',1,0
'201805','2333',' 양재역 3번출구 주변',0,1
'201805','2340',' 삼호물산버스정류장(23370) 옆',1,1
'201805','2342',' 대청역 1번출구  뒤',27,16
'201805','1308',' 안암로터리 버스정류장 앞',2,4
'201805','1201',' 가락시장역 3번 출구',1,1
'201805','408',' LG CNS앞',3,5
'201805','1231',' 잠실역 6번출구',6,17
'201805','420',' 서울시 공공자전거 상암센터',11,13
'201805','409',' 누리꿈스퀘어 옆',8,3
'201805','419',' 홈플러스 앞',8,8
'201805','1943',' 온수역 북측',0,1
'201805','1946',' 구로역 광장',1,1
'201805','410',' 상암중학교 옆',0,1
'201805','2109',' 은천로입구 가로공원',0,1
'201805','418',' 월드컵경기장역 3번출구 옆',6,7
'201805','2252',' 하이브랜드 앞',0,1
'201805','1210',' 롯데월드타워(잠실역2번출구 쪽)',28,25
'201805','1218',' 방이역 4번출구',30,33
'201805','1226',' 잠실4동 주민센터 옆',2,2
'201805','107',' 신한은행 서교동금융센터점 앞',12,2
'201805','411',' DMC홍보관',5,3
'201805','1247',' 문정 법조단지11',2,1
'201805','412',' DMC산학협력연구센터 앞',1,1
'201805','1328',' 월곡역 3번출구',2,2
'201805','1925',' 동양미래대학교 정문 옆',0,1
'201805','413',' 상암월드컵파크 3단지 후문',0,1
'201805','2215',' 반포종합운동장 입구',0,2
'201805','417',' DMC역 2번출구 옆',5,1
'201805','1303',' 돈암초교 입구',6,2
'201805','2026',' 흑석역 4번출구',1,0
'201805','414',' 상암동주민센터 옆',2,2
'201805','389',' 을지로4가역 1번출구',1,4
'201805','390',' 충무로역 1번출구',4,10
'201805','826',' 서울역 서부교차로2',11,17
'201805','1305',' 성북구청',2,0
'201805','2265',' 이수고가차도 남단',1,0
'201805','415',' DMC역 9번출구 앞',7,3
'201805','2139',' 서울신성초등학교',4,5
'201805','2354',' 청담역 2번출구',0,2
'201805','2356',' 강남구청',0,2
'201805','2355',' 삼성역 5~6번 출구 사이',8,8
'201805','2349',' 역삼빌딩 앞(하나은행 옆)',0,3
'201805','416',' 상암월드컵파크 1단지 교차로',0,2
'201805','2347',' 두산건설 본사',3,0
'201805','2353',' 강남구청역 2번출구 뒤',0,1
'201805','1642',' 서울여대 남문',1,0
'201805','2111',' 서울대입구역 1번출구',2,0
'201805','422',' 문화비축기지',5,5
'201805','2224',' 방배경찰서 민원봉사실 앞',0,1
'201805','500',' 어린이대공원역 3번출구 앞',1,2
'201805','590',' 건국대학교 (입학정보관)',2,3
'201805','591',' 건국대학교 (행정관)',1,0
'201805','592',' 건국대학교 학생회관',5,4
'201805','391',' 정동길입구',1,0
'201805','450',' 효자동 삼거리',0,2
'201805','451',' 청와대앞길',16,7
'201805','501',' 광진구의회 앞',2,2
'201805','3500',' 군자역2번출구',0,3
'201805','3502',' 중곡역 1번출구',1,0
'201805','3504',' 원일교회',1,6
'201805','3505',' 신양초교앞 교차로',1,1
'201805','502',' 뚝섬유원지역 1번출구 앞',29,20
'201806',,,0,16
'201806','108',' 서교동 사거리',17,7
'201806','503',' 더샵스타시티 C동 앞',0,1
'201806','731',' 서울시 도로환경관리센터',2,0
'201806','504',' 신자초교입구교차로',1,0
'201806','744',' 신목동역 2번 출구',3,5
'201806','746',' 목동2단지 상가',3,1
'201806','949',' 연신내역 1번 출구 ',0,2
'201806','1024','  강동구청 앞',0,1
'201806','1029',' 롯데 시네마',2,2
'201806','1030',' 미호 플랜트 앞',2,1
'201806','508',' 성수아카데미타워 앞',2,2
'201806','1033',' 고덕동 아남아파트',2,1
'201806','1035',' 고덕역 4번출구',0,1
'201806','509',' 이마트 버스정류소 옆',2,3
'201806','1150',' 송정역 1번출구',0,1
'201806','1153',' 발산역 2번출구',3,3
'201806','1157',' 강서구청',0,1
'201806','510',' 서울숲 남문 버스정류소 옆',10,15
'201806','1251',' 석촌역 2번출구',2,4
'201806','1260',' 방이동 한양3차아파트 옆',15,1
'201806','511',' 서울숲역 4번 출구 옆',19,15
'201806','1264',' 천호역 10번 출구 앞',1,1
'201806','1265',' 문정동 근린공원',1,0
'201806','1267',' 올림픽공원 남2문 앞',2,3
'201806','1268',' 몽촌토성역 1번출구 옆',20,19
'201806','1269',' 리센츠아파트 ',1,1
'201806','512',' 뚝섬역 1번 출구 옆',11,2
'201806','1448',' 코스트코 상봉점',2,0
'201806','109',' 제일빌딩 앞',16,12
'201806','1529',' 미아동 한국전력공사',1,0
'201806','1534',' 북서울 꿈의 숲 동문',1,0
'201806','513',' 뚝섬역 5번 출구 정류소 옆',0,1
'201806','514',' 성수사거리 버스정류장 앞',5,1
'201806','515',' 광양중학교 앞',2,1
'201806','1720',' 도봉구청 옆(중랑천변)',1,1
'201806','516',' 광진메디칼 앞',0,1
'201806','1839',' 수출의 다리 아래',0,1
'201806','2058',' 노량진동 맥도널드앞',2,1
'201806','2159',' 인헌초교',3,1
'201806','2160',' 관악구 보건소',1,0
'201806','2268',' 서초4동주민센터 ',12,1
'201806','2272',' 교대입구 교차로',1,1
'201806','2273',' 일동제약 사거리',1,0
'201806','2276',' 영동1교 (양재천근린공원)',1,0
'201806','2277',' 길마중4교 하부',3,2
'201806','301',' 경복궁역 7번출구 앞',6,5
'201806','2361',' 압구정역 교차로',7,15
'201806','2362',' 신사동 가로수길 입구',8,23
'201806','2363',' 강남 을지병원 교차로',4,6
'201806','2364',' 도산대로 렉서스 앞',1,1
'201806','2365',' K+ 타워 앞',1,0
'201806','2369',' KT선릉타워',2,4
'201806','2370',' 한티역 3번출구',4,2
'201806','302',' 경복궁역 4번출구 뒤',28,29
'201806','2371',' 한국우편사업진흥원',2,2
'201806','2372',' 대치역 사거리',0,3
'201806','2375',' 수서역 1번출구 앞',1,0
'201806','2377',' 수서역 5번출구 뒤',1,6
'201806','3100',' 북성초교',1,1
'201806','3101',' 서대문구청',0,2
'201806','303',' 광화문역 1번출구 앞',6,4
'201806','3102',' 연희삼거리',5,3
'201806','3506',' 영동대교 북단',4,0
'201806','3508',' 화양사거리',2,2
'201806','3511',' 응봉역 1번출구',10,12
'201806','3515',' 서울숲 관리사무소',27,25
'201806','115',' 사루비아 빌딩 앞',16,12
'201806','304',' 광화문역 2번출구 앞',6,6
'201806','1337',' 돈암성당 옆',4,6
'201806','305',' 종로구청 옆',6,3
'201806','1351',' SK제삼주유소 앞',3,0
'201806','1352',' e 편한세상 보문아파트 내',2,0
'201806','306',' 광화문역 7번출구 앞',15,6
'201806','1958',' 강서수도사업소민원센터',0,1
'201806','1962',' 가리봉동주민센터',1,1
'201806','307',' 서울역사박물관 앞',5,0
'201806','1971',' 오정초교 앞 보도육교',2,2
'201806','308',' 광화문 S타워 앞',2,1
'201806','2380',' 삼성동베이직하우스앞',1,1
'201806','2381',' 언주역 6번출구앞',1,3
'201806','1158',' 가양역 8번출구',0,2
'201806','309',' 광화문역 6번출구 옆',6,2
'201806','1159',' 서서울모터리움앞',5,3
'201806','1160',' 양천향교역 7번출구앞',9,10
'201806','2164',' 관악우체국',1,0
'201806','310',' 청계광장 옆',9,5
'201806','3518',' 군자역 7번출구뒤',0,1
'201806','3517',' 용마사거리',1,0
'201806','2172',' 나들목공원',1,1
'201806','2173',' 당곡사거리',1,1
'201806','311',' 서울광장 옆',18,16
'201806','2175',' 신림동걷고싶은문화의거리입구',1,2
'201806','1983',' 구로동롯데아파트',2,4
'201806','1849',' 대륭포스트타워5차',1,0
'201806','1662',' 노원역7번출구',1,0
'201806','312',' 시청역 1번출구 뒤',15,10
'201806','313',' 서울역 광장 파출소 옆',12,10
'201806','646',' 장한평역 1번출구 (국민은행앞)',7,7
'201806','110',' 사천교',2,1
'201806','314',' 국립현대미술관',20,20
'201806','650',' 중랑교사거리',4,1
'201806','651',' 우리은행청량리지점앞',2,0
'201806','2279',' 교대역 5번출구뒤',2,1
'201806','315',' 신한은행 안국역지점 옆',19,9
'201806','2290',' 서래마을파리15구공원앞',4,4
'201806','1354',' 고려대학교 2번출구',1,0
'201806','274',' 영등포역지하쇼핑센타 5번출구',2,6
'201806','316',' 종각역 1번출구 앞',2,5
'201806','275',' 신동아아파트',3,3
'201806','276',' SK 영등포주유소',3,0
'201806','277',' 영등포뉴타운지하상가 2번게이트',5,3
'201806','827',' 국군복지단',0,1
'201806','828',' 숙대입구역 8번',4,2
'201806','829',' 베르가모앞',6,10
'201806','831',' 이태원관광특구입구',19,27
'201806','1451',' 중랑세무서',4,3
'201806','3519',' 용답역 1번 출구',2,6
'201806','832',' 이촌1동 주민센터 뒤',10,13
'201806','318',' 광교사거리 남측',14,17
'201806','834',' 효창공원앞역 3번출구 뒤',2,3
'201806','836',' 현대자동차서비스 앞',4,4
'201806','837',' 한남나들목 입구',16,11
'201806','1355',' 보문2교',0,1
'201806','1677',' 육군사관학교  앞',0,1
'201806','1166',' 강서구립등빛도서관',2,2
'201806','279',' 영등포 푸르지오 아파트',1,2
'201806','2176',' 보라매공원 보도육교',0,1
'201806','2292',' 무지개아파트 앞',3,0
'201806','320',' 을지로입구역 4번출구 앞',12,18
'201806','2385',' 학동역',0,2
'201806','321',' KEB 하나은행 본점 앞',29,32
'201806','393',' 동대문역 8번 출구',19,19
'201806','838',' 숙대입구역 4번출구',2,5
'201806','3522',' 사근삼거리',1,2
'201806','322',' 명동성당 앞',27,26
'201806','1359',' 장위뉴타운 꿈에 숲 코오롱 하늘채 앞',0,1
'201806','116',' 일진아이윌아파트 옆',2,1
'201806','324',' 신세계백화점 본점 앞',21,33
'201806','2297',' 남부터미널역 1번출구',1,0
'201806','1277',' 오금동 송파 참병원',1,0
'201806','1278',' 송파구청 교차로',2,2
'201806','1285',' 위례별 유치원 뒤',2,0
'201806','326',' 안국역 5번출구 앞',19,26
'201806','1051',' 양지시장 (용성약국앞) 입구',3,0
'201806','1289',' 풍납동 자전거보관소',3,3
'201806','1361',' 홍익중고 입구',1,1
'201806','327',' 낙원상가 옆',11,3
'201806','397',' 종묘공영주차장 건너편',7,5
'201806','328',' 탑골공원 앞',15,3
'201806','329',' 청계2가 사거리 옆',13,13
'201806','331',' 을지로2가 사거리 북측',12,15
'201806','332',' 을지로2가 사거리 남측',3,1
'201806','111',' 상수역 2번출구 앞',9,11
'201806','334',' 종로3가역 2번출구 뒤',3,8
'201806','335',' 종로3가역 15번출구 앞',5,6
'201806','336',' 티마크 호텔 앞',6,6
'201806','337',' 창경궁 입구',1,2
'201806','338',' 세운스퀘어 앞',6,6
'201806','339',' 종로4가 사거리',7,8
'201806','340',' 혜화동 로터리',0,1
'201806','341',' 혜화역 3번출구 뒤',0,1
'201806','342',' 대학로 마로니에공원',5,2
'201806','112',' 극동방송국 앞',12,7
'201806','344',' 성균관대 E하우스 앞',1,3
'201806','345',' 서울보증보험본사 앞',2,0
'201806','346',' 맥스타일 앞',19,26
'201806','347',' 동대문역사문화공원역 9번출구 앞',30,33
'201806','349',' 사직동주민센터',0,1
'201806','351',' 청운초교 앞 삼거리',6,11
'201806','352',' 중앙고입구 삼거리',3,4
'201806','353',' 재동초교 앞 삼거리',8,12
'201806','117',' 홍은사거리',1,1
'201806','354',' 포르투갈 대사관 앞',6,3
'201806','355',' 서울사대부속초교 앞',11,9
'201806','356',' KT혜화지사 앞',1,0
'201806','358',' 성대입구 사거리',7,12
'201806','359',' 원남동사거리',16,8
'201806','361',' 동묘앞역 1번출구 뒤',6,8
'201806','362',' 청계8가 사거리',2,3
'201806','363',' 신설동역 11번출구 뒤',1,1
'201806','113',' 홍대입구역 2번출구 앞',49,44
'201806','367',' 독립문역 3-1번출구 ',3,1
'201806','368',' SK 서린빌딩 앞',11,9
'201806','369',' 광화문 시민열린마당',25,21
'201806','348',' 독립문역 사거리',1,2
'201806','371',' 동대입구역 6번출구 뒤',4,3
'201806','372',' 약수역 3번출구 뒤',2,2
'201806','118',' 광흥창역 2번출구 앞',3,4
'201806','377',' 서울역 4번출구 앞',8,17
'201806','378',' 청계7가 사거리',0,1
'201806','379',' 서울역9번출구',7,24
'201806','380',' CJ제일제당 앞',26,17
'201806','381',' 장충체육관',1,0
'201806','383',' 신당역 12번 출구 뒤',3,1
'201806','384',' 종로학원본원 ',4,5
'201806','114',' 홍대입구역 8번출구 앞',29,34
'201806','142',' 아현역 4번출구 앞',1,1
'201806','143',' 공덕역 2번출구',1,2
'201806','144',' 공덕역 8번출구',17,16
'201806','145',' 공덕역 5번출구',5,4
'201806','146',' 마포역 1번출구 뒤',3,11
'201806','147',' 마포역 4번출구 뒤',3,2
'201806','148',' 용강동 주민센터 앞',0,1
'201806','150',' 서강대역 2번출구 앞',5,3
'201806','151',' 망원1동주민센터',11,13
'201806','152',' 마포구민체육센터 앞',15,14
'201806','119',' 서강나루 공원',12,8
'201806','153',' 성산2교 사거리',0,1
'201806','154',' 마포구청역 ',10,9
'201806','156',' 서울서부지방법원 앞',1,2
'201806','157',' 애오개역 4번출구 앞',0,1
'201806','159',' 이대역 4번 출구',13,15
'201806','160',' 북아현동 가구거리',4,2
'201806','162',' 봉원고가차도 밑',0,2
'201806','120',' 신수동 사거리',1,0
'201806','163',' 명지전문대학교 정문 앞',5,8
'201806','169',' 북가좌 삼거리',1,0
'201806','172',' 서대문소방서',3,2
'201806','173',' 서대문역 8번출구 앞',0,1
'201806','175',' 홍연2교옆',1,0
'201806','179',' 가좌역 4번출구 앞',2,0
'201806','180',' 충정로역 7번출구 뒤',0,3
'201806','518',' 청계천 박물관 앞',1,1
'201806','520',' 상왕십리역 4번 출구 앞',2,2
'201806','521',' 왕십리역 11번 출구 앞',1,0
'201806','522',' 금호역 1번출구 앞',0,2
'201806','122',' 신성기사식당 앞',2,1
'201806','525',' 한양대병원사거리',49,39
'201806','529',' 장한평역 8번 출구 앞',2,0
'201806','534',' 금호사거리',1,1
'201806','537',' 한양대후문역 부근',2,6
'201806','539',' 군자교교차로',0,1
'201806','542',' 강변역 4번출구 뒤',3,1
'201806','543',' 구의공원(테크노마트 앞)',3,0
'201806','548',' 자양나들목',3,3
'201806','549',' 아차산역 3번출구',0,1
'201806','124',' 서강대 정문 건너편',1,1
'201806','605',' 신설동역8번출구',2,0
'201806','609',' 제기2교',1,0
'201806','125',' 서강대 남문 옆',6,5
'201806','613',' 신설동역 10번출구 앞',2,0
'201806','614',' 용두동 사거리',1,0
'201806','615',' 용두동 레미안허브리츠아파트 앞',1,1
'201806','227',' 양평2나들목 보행통로 입구',1,1
'201806','228',' 선유도역 3번출구 앞',0,3
'201806','229',' 양평1 보행육교 앞',0,2
'201806','126',' 서강대 후문 옆',11,3
'201806','235',' 신길동 우리은행 옆',1,1
'201806','236',' 문래동자이아파트 앞',3,2
'201806','239',' 유스호스텔 앞',0,1
'201806','127',' 현대벤처빌 앞',3,1
'201806','243',' 이앤씨드림타워 앞',0,1
'201806','244',' 영등포삼환아파트 앞',6,6
'201806','245',' 삼성생명 당산사옥 앞',2,1
'201806','247',' 당산역 10번출구 앞',7,8
'201806','248',' 초원아파트 앞',11,9
'201806','249',' 여의도중학교 옆',3,11
'201806','250',' 대림아파트 사거리',0,2
'201806','251',' 서울지방병무청 버스정류장',1,0
'201806','101',' (구)합정동 주민센터',3,3
'201806','128',' 신촌역(2호선) 1번출구 옆',8,8
'201806','252',' 보라매역4번출구',0,2
'201806','253',' 신풍역 5번출구 인근',0,1
'201806','259',' 대방역6번출구',0,3
'201806','700',' KB국민은행 염창역 지점 앞',1,0
'201806','129',' 신촌역(2호선) 6번출구 옆',7,12
'201806','703',' 오목교역 7번출구 앞',0,1
'201806','704',' 남부법원검찰청 교차로',0,2
'201806','708',' 서울출입국관리사무소 앞',1,0
'201806','130',' 신촌역(2호선) 7번출구 앞',12,15
'201806','800',' 목월공원 앞',1,2
'201806','802',' 한강진역 2번 출구 앞',2,8
'201806','803',' 한남초교 앞 보도육교',5,5
'201806','805',' 문배어린이공원 앞',12,10
'201806','806',' 전자랜드 본관 앞',0,2
'201806','807',' 서울역 12번 출구 앞',1,2
'201806','808',' 서빙고동 금호맨션 앞',5,9
'201806','809',' 한남 유수지 복개주차장',8,6
'201806','810',' 이태원지하보도',4,7
'201806','811',' 녹사평역1번출구',23,7
'201806','812',' 용산전쟁기념관',6,2
'201806','813',' 삼각지역 3번출구',12,13
'201806','815',' LIG강촌아파트 103동앞',12,8
'201806','385',' 종각역 5번출구',12,3
'201806','387',' 훈련원공원주차장 앞',17,14
'201806','181',' 망원초록길 입구',2,0
'201806','132',' 창천문화공원',7,0
'201806','182',' 망원2빗물펌프장 앞',9,8
'201806','183',' 하늘채코오롱아파트 건너편',2,2
'201806','184',' SK망원동주유소 건너편',1,0
'201806','185',' 마포 신수공원 앞',4,7
'201806','186',' 월드컵공원',14,16
'201806','195',' 모래내고가차도 ',2,4
'201806','196',' 연희교차로 인근',1,0
'201806','198',' 충정2교',2,2
'201806','556',' 달맞이공원',3,3
'201806','558',' 성동광진 교육지원청 앞',2,2
'201806','134',' 연세로 명물길',2,0
'201806','559',' 왕십리역 4번 출구 건너편',3,1
'201806','561',' 서울숲역 2번출구 앞',10,5
'201806','564',' 금호역 3번출구',3,2
'201806','565',' 옥수역 3번출구',19,19
'201806','568',' 청계8가사거리 부근',4,2
'201806','135',' 명물길 원형무대 앞',8,7
'201806','579',' 마장역 4번출구',2,0
'201806','582',' 경일중학교 앞',0,2
'201806','583',' 청계천 생태교실 앞',7,9
'201806','552',' 대림아크로리버 앞',2,1
'201806','136',' 대흥동 주민센터',1,0
'201806','571',' 어린이대공원역6번출구',2,2
'201806','574',' 아차산역4번출구',1,0
'201806','576',' 광나루역 3번 출구',1,0
'201806','577',' 광진청소년수련관',2,0
'201806','137',' NH농협 신촌지점 앞',3,2
'201806','626',' 군자교 서측 녹지대',2,0
'201806','102',' 망원역 1번출구 앞',5,6
'201806','138',' 신촌동 제1공영주차장 앞',5,6
'201806','633',' 청량리 기업은행 앞',2,1
'201806','634',' 외국어대 정문 앞',9,14
'201806','635',' 시조사 앞 (청량고정문 옆)',0,2
'201806','637',' KAIST 경영대학 앞',1,0
'201806','639',' 서울시립대 후문',0,1
'201806','641',' 용두역 4번출구',1,0
'201806','642',' 신답역 사거리',1,0
'201806','140',' 이화여대 후문',7,5
'201806','643',' 동대문구민체육센터 (육교아래)',3,3
'201806','230',' 영등포구청역 1번출구',3,3
'201806','267',' 삼성화재 사옥 옆',2,3
'201806','270',' 증권거래소후문교차로',2,1
'201806','271',' 샛강생태공원방문자센터 앞',4,6
'201806','272',' 당산육갑문',13,19
'201806','139',' 연세대 정문 건너편',1,1
'201806','816',' 신용산역 6번출구 앞',5,13
'201806','817',' 삼각지역 4번출구 앞',2,3
'201806','818',' 숙명여대 입구 교차로',6,1
'201806','819',' 선린인터넷 고등학교',4,4
'201806','820',' 청파동입구 교차로',2,0
'201806','822',' 이촌1동 마을공원',0,2
'201806','823',' 효창동주민센터 앞',3,0
'201806','825',' 서빙고동 주민센터 앞',15,16
'201806','199',' 서울 월드컵 경기장',5,6
'201806','388',' 동성중학교 앞',1,0
'201806','586',' 마장동 주민센터',0,2
'201806','906',' 연신내역 5번출구150M 아래',1,1
'201806','907',' CJ 드림시티',1,0
'201806','201',' 진미파라곤 앞',11,10
'201806','914',' 새절역 2번출구',0,2
'201806','919',' 서울혁신파크',0,2
'201806','921',' 신도고등학교',3,0
'201806','202',' 국민일보 앞',4,3
'201806','928',' 은평역사한옥박물관',2,0
'201806','587',' KEB하나은행 성수중앙지점',2,3
'201806','588',' 뚝섬 유원지역',3,3
'201806','1001',' 광진교 남단 사거리(디지털프라자앞)',1,1
'201806','1008',' 암사역 3번출구(국민은행앞)',1,0
'201806','1009',' 천호역4번출구(현대백화점)',2,2
'201806','1011',' LIGA 아파트 앞',5,19
'201806','1014',' 강동구평생학습관앞',1,2
'201806','1015',' 샛마을 근린공원',1,0
'201806','103',' 망원역 2번출구 앞',7,10
'201806','204',' 국회의사당역 5번출구 옆',3,2
'201806','1019',' 다성이즈빌아파트(호원대 대각선 맞은편)',1,1
'201806','589',' 성수역3번출구',3,2
'201806','203',' 국회의사당역 3번출구 옆',7,11
'201806','1108',' 공항시장역 1번출구',1,1
'201806','1112',' 마곡엠밸리4단지 정문',2,0
'201806','1118',' 증미역 3번출구뒤(등촌두산위브센티움오피스텔)',1,0
'201806','1120',' 대림경동아파트앞',0,2
'201806','1121',' 가양레포츠센터앞',1,2
'201806','205',' 산업은행 앞',7,4
'201806','1122',' 황금내근린공원',3,3
'201806','1123',' 공암나루근린공원 관리사무소옆',2,2
'201806','206',' KBS 앞',7,8
'201806','1205',' 종합운동장역 4번출구',17,24
'201806','1206',' 9호선종합운동장역 9번출구',7,2
'201806','1208',' 풍납현대아파트쉼터',0,2
'201806','1209',' 잠실나루역 (2번 출구 쪽)',11,8
'201806','1215',' 올림픽공원역 1번출구 앞',4,4
'201806','1220',' 잠실본동주민센터뒤 잠실근린공원',3,0
'201806','1222',' 잠실새내역 5번 출구 뒤',5,6
'201806','1224',' 아시아지하보도 2번 출구',2,7
'201806','209',' 유진투자증권빌딩 앞',11,5
'201806','1232',' 롯데마트 주차장 옆',5,0
'201806','1233',' 잠실3거리(갤러리아팰리스)',0,1
'201806','210',' IFC몰',11,16
'201806','211',' 여의도역 4번출구 옆',15,10
'201806','1412',' 면목초등학교',1,0
'201806','1332',' 석계역 5번출구 건너편',1,1
'201806','1333',' 석관초등학교 앞',2,0
'201806','212',' 여의도역 1번출구 옆',12,1
'201806','104',' 합정역 1번출구 앞',12,14
'201806','214',' 금융감독원 앞',4,2
'201806','1601',' 석계역 문화광장 내 자전거 보관소',1,0
'201806','1611',' 과기대 입구(우)',2,3
'201806','1707',' 도봉구민회관',1,0
'201806','1804',' 독산역 2번출구 자전거주차장',0,1
'201806','219',' 롯데캐슬엠파이어 옆',1,0
'201806','220',' 미성아파트 A동 앞',0,2
'201806','1829',' 홈플러스 금천점 앞',4,3
'201806','1831',' 메이퀸웨딩컨벤션 앞',1,0
'201806','1833',' 독산역 1번출구 앞 자전거보관소',2,1
'201806','215',' 여의도고교 앞',6,10
'201806','1321',' 국민은행 종암동지점 앞',3,5
'201806','1703',' 도봉산광역환승센터앞 ',2,3
'201806','1906',' 신도림역 1번 출구 앞',2,0
'201806','1908',' 해원리바파크 육교 밑',1,2
'201806','1911',' 구로디지털단지역 앞',5,2
'201806','221',' 여의도초교 앞',4,3
'201806','1916',' 구로중학교앞',1,0
'201806','1928',' 고척스카이돔구장 광장',2,1
'201806','222',' 시범아파트버스정류장 옆',4,8
'201806','2002',' 노들역 1번출구',6,3
'201806','2007',' 유한양행앞',2,2
'201806','2013',' 장승배기역 5번출구',0,1
'201806','2020',' 장승배기역2번출구뒷편쪽',1,1
'201806','2025',' 흑석역 1번출구',16,21
'201806','2027',' 중앙대학교 정문',12,14
'201806','2036',' 정금마을 마을버스정류장',1,0
'201806','2037',' 동작역 5번출구 동작주차공원',4,7
'201806','2038',' 동작역 7번출구',2,0
'201806','2040',' 비계 버스정류소',5,9
'201806','2050',' 노량진역 5번출구',6,2
'201806','105',' 합정역 5번출구 앞',2,1
'201806','224',' 롯데캐슬 앞',2,2
'201806','2054',' 삼익아파트',1,1
'201806','2102',' 봉림교 교통섬',1,3
'201806','2135',' 신림역 5번출구',1,0
'201806','225',' 앙카라공원 앞',1,3
'201806','2104',' 사당역 5번출구',2,1
'201806','2107',' 도림천 신화교',2,2
'201806','2112',' 서울대입구역 마에스트로',1,1
'201806','2116',' 에이스에이존빌딩',2,0
'201806','2122',' 낙성대로 입구',1,0
'201806','226',' 샛강역 1번출구 앞',2,3
'201806','2129',' 낙성대 과학전시관',1,1
'201806','2009',' 보라매역 8번출구',0,2
'201806','207',' 여의나루역 1번출구 앞',100,79
'201806','1211',' 방이삼거리',0,2
'201806','2213',' 고속터미널역 5번출구 앞',4,4
'201806','2214',' 신반포역 2번출구 앞',8,14
'201806','2217','아크로리버뷰 부지 앞',16,12
'201806','2219',"' 고속터미널역 8-1번, 8-2번 출구 사이'",32,53
'201806','2220',' 반포본동 주민센터 앞',2,4
'201806','2221','하나은행 방배동지점 앞',0,3
'201806','2222','사당역 12번출구 뒤',0,3
'201806','2228','뒷벌공원 옆',0,1
'201806','2231',' 삼성타운(삼성생명) A동 맞은편',6,6
'201806','2239','교대역 6번출구',5,1
'201806','2242','양재역 11번 출구 앞',1,1
'201806','2244','교육개발원입구 교차로',1,0
'201806','2247','섬들근린공원',2,2
'201806','2255','시민의숲역 1번출구 옆',0,1
'201806','2258','구룡사 삼거리',2,0
'201806','2262',' 한신16차아파트 119동 앞',8,20
'201806','2301',' 현대고등학교 건너편',30,26
'201806','2343',' 세곡사거리 대왕파출소 앞',2,2
'201806','2259',' 잠원역 3번-4번 출구사이 ',1,1
'201806','2251',' 더케이호텔 입구(양재2) ',2,2
'201806','2309',' 청담역(우리들병원 앞)',7,5
'201806','2317',' 삼성도로공원',4,1
'201806','2311',' 학동로 래미안 아파트 앞',1,1
'201806','2302',' 교보타워 버스정류장(신논현역 3번출구 후면)',13,17
'201806','2303',' 논현역 7번출구',3,7
'201806','2304',' 신영 ROYAL PALACE 앞',2,0
'201806','2305',' MCM 본사 직영점 앞',3,0
'201806','2306',' 압구정역 2번 출구 옆',6,7
'201806','2307',' 압구정 한양 3차 아파트',20,12
'201806','2308',' 압구정파출소 앞',16,17
'201806','2310',' 청담동 맥도날드 옆(위치)',2,0
'201806','2312',' 청담역 13번 출구 앞',2,5
'201806','2313',' 금원빌딩 앞',0,4
'201806','2348',' 포스코사거리(기업은행)',0,2
'201806','2315',' 봉은사역 5번출구 옆',9,7
'201806','106',' 합정역 7번출구 앞',23,30
'201806','405',' DMC빌 앞',12,12
'201806','2316',' 삼성역 8번출구',2,1
'201806','2318',' 삼성중앙역4번출구(문화센터더 리빌)',7,4
'201806','2319',' 포스코4거리 서측(수협 삼성동 지점)',5,1
'201806','2321',' 학여울역 사거리',0,1
'201806','2322',' 삼성역 3번 출구',0,1
'201806','2325',' 대치동 버거킹대치점',2,0
'201806','406',' 상암월드컵파크 7단지 앞',2,1
'201806','2327',' 뱅뱅사거리 랜드마크타워 앞',1,6
'201806','2328',' 르네상스 호텔 사거리 역삼지하보도 7번출구 앞',0,2
'201806','2330',' 스타벅스 앞',0,1
'201806','2332',' 선릉역3번출구',0,2
'201806','2333',' 양재역 3번출구 주변',1,0
'201806','2335',' 3호선 매봉역 3번출구앞',3,2
'201806','421',' 마포구청 앞',3,5
'201806','2339',' 현대아파트 정문 앞',0,1
'201806','2340',' 삼호물산버스정류장(23370) 옆',3,2
'201806','2342',' 대청역 1번출구  뒤',5,6
'201806','1106',' 신방화사거리',0,1
'201806','1308',' 안암로터리 버스정류장 앞',7,7
'201806','407',' 마포구 육아종합지원센터',4,0
'201806','1103',' 방화역 4번출구앞',0,3
'201806','1117',' 스타벅스앞',1,0
'201806','1201',' 가락시장역 3번 출구',1,0
'201806','1212',' 송파역 2번 출구앞',0,1
'201806','408',' LG CNS앞',4,4
'201806','1231',' 잠실역 6번출구',2,6
'201806','1306',' 한성대입구역2번출구',2,1
'201806','1414',' 사가정역 1번출구',3,1
'201806','420',' 서울시 공공자전거 상암센터',4,2
'201806','1416',' 상봉역 3번출구',0,2
'201806','409',' 누리꿈스퀘어 옆',3,0
'201806','1605',' 헬스케어',2,0
'201806','419',' 홈플러스 앞',8,6
'201806','2003',' 사육신공원앞',2,4
'201806','2250',' 서초유치원 맞은편',0,1
'201806','2143',' 서울산업정보학교',1,3
'201806','418',' 월드컵경기장역 3번출구 옆',9,8
'201806','2252',' 하이브랜드 앞',1,1
'201806','1210',' 롯데월드타워(잠실역2번출구 쪽)',28,33
'201806','1218',' 방이역 4번출구',9,6
'201806','1226',' 잠실4동 주민센터 옆',1,0
'201806','1230',' 송파중학교 정문',1,0
'201806','1239',' 문정 법조단지3',1,1
'201806','107',' 신한은행 서교동금융센터점 앞',11,7
'201806','411',' DMC홍보관',3,5
'201806','1248',' 방이초등학교',2,0
'201806','1249',' 아주중학교건너편',1,1
'201806','412',' DMC산학협력연구센터 앞',1,3
'201806','1328',' 월곡역 3번출구',1,1
'201806','1925',' 동양미래대학교 정문 옆',1,0
'201806','413',' 상암월드컵파크 3단지 후문',4,3
'201806','2034',' 사당역 7번출구쪽',1,0
'201806','2211',' 서초구립반포도서관 앞',1,1
'201806','2215',' 반포종합운동장 입구',3,3
'201806','417',' DMC역 2번출구 옆',3,2
'201806','2026',' 흑석역 4번출구',2,1
'201806','2264',' 이수역 1번출구',0,1
'201806','414',' 상암동주민센터 옆',1,2
'201806','389',' 을지로4가역 1번출구',10,9
'201806','390',' 충무로역 1번출구',7,4
'201806','826',' 서울역 서부교차로2',8,16
'201806','1305',' 성북구청',1,2
'201806','2265',' 이수고가차도 남단',2,1
'201806','415',' DMC역 9번출구 앞',1,1
'201806','2139',' 서울신성초등학교',7,8
'201806','2354',' 청담역 2번출구',0,4
'201806','2355',' 삼성역 5~6번 출구 사이',9,9
'201806','2360',' 도곡1동 주민센터 교차로',0,1
'201806','2359',"' 국립국악중,고교 정문 맞은편'",2,0
'201806','2349',' 역삼빌딩 앞(하나은행 옆)',1,0
'201806','2350',' 래미안그레이튼102동앞',3,1
'201806','2352',' 서울본부세관(건설회관 앞)',2,0
'201806','2353',' 강남구청역 2번출구 뒤',0,6
'201806','2111',' 서울대입구역 1번출구',0,2
'201806','422',' 문화비축기지',3,3
'201806','500',' 어린이대공원역 3번출구 앞',3,1
'201806','590',' 건국대학교 (입학정보관)',3,6
'201806','591',' 건국대학교 (행정관)',1,1
'201806','592',' 건국대학교 학생회관',4,11
'201806','450',' 효자동 삼거리',9,6
'201806','451',' 청와대앞길',7,9
'201806','501',' 광진구의회 앞',1,2
'201806','3500',' 군자역2번출구',0,1
'201806','3504',' 원일교회',0,2
'201806','3505',' 신양초교앞 교차로',2,3
'201806','502',' 뚝섬유원지역 1번출구 앞',24,30
