일시,대여소,대여건수,반납건수
202007,1004. 삼성광나루아파트 버스정류장,0,1
202007,1006. 롯데캐슬 115동앞,0,1
202007,101. (구)합정동 주민센터,1,0
202007,1019. 다성이즈빌아파트(호원대 대각선 맞은편),1,0
202007,102. 망원역 1번출구 앞,6,4
202007,103. 망원역 2번출구 앞,9,7
202007,104. 합정역 1번출구 앞,5,2
202007,105. 합정역 5번출구 앞,1,2
202007,1051. 양지시장 (용성약국앞) 입구,0,1
202007,1058. 고덕숲 아이파크 1,1,1
202007,106. 합정역 7번출구 앞,10,7
202007,107. 신한은행 서교동금융센터점 앞,8,6
202007,108. 서교동 사거리,3,2
202007,109. 제일빌딩 앞,3,2
202007,1102. 방화사거리 마을버스 버스정류장,1,1
202007,1103. 방화역 4번출구앞,11,11
202007,111. 상수역 2번출구 앞,1,4
202007,112. 극동방송국 앞,3,0
202007,1120. 대림경동아파트앞,2,2
202007,113. 홍대입구역 2번출구 앞,10,9
202007,1136. 등촌2파출소,1,0
202007,114. 홍대입구역 8번출구 앞,12,6
202007,1141. 곰달래 문화복지센터 1-1,1,0
202007,115. 마스타 빌딩 앞,2,6
202007,1150. 송정역 1번출구,1,1
202007,1158. 가양역 8번출구,3,2
202007,116. 일진아이윌아파트 옆,2,0
202007,1163. 방화동강서기동대앞,0,1
202007,1169. 염창역 1번 출구,0,1
202007,117. 홍은사거리,6,5
202007,1173. 강서구청사거리(SH타워),4,4
202007,1177. 수명중?고교,1,0
202007,118. 광흥창역 2번출구 앞,2,2
202007,1180. 마곡엠밸리 15단지(1502동) 건너편,1,0
202007,1182. KBS 스포츠월드,1,1
202007,119. 서강나루 공원,4,2
202007,1197. 엠펠리체 호텔 건너편,2,0
202007,1198. LG 사이언스파크,0,2
202007,1200. 개화광역환승센터,0,1
202007,1203. 밀리아나2빌딩 앞,0,1
202007,1205. 종합운동장역 4번출구,2,1
202007,1206. 9호선종합운동장역 9번출구,2,3
202007,1209. 잠실나루역 (2번 출구 쪽),1,2
202007,121. 마포소방서 앞,2,1
202007,1210. 롯데월드타워(잠실역2번출구 쪽),4,1
202007,1213. 백토공원 앞,1,0
202007,1214. 오금역 7번 출구 인근,0,1
202007,1218. 방이역 4번출구,1,1
202007,122. 신성기사식당 앞,1,1
202007,1222. 잠실새내역 5번 출구 뒤,0,4
202007,1224. 아시아지하보도 2번 출구,3,2
202007,123. 문화촌 공원,1,1
202007,1231. 잠실역 6번출구,0,4
202007,1235. 잠실트리지움310동 옆,1,0
202007,124. 서강대 정문 건너편,1,2
202007,1248. 방이초등학교,1,1
202007,125. 서강대 남문 옆,0,2
202007,1251. 석촌역 2번출구,0,3
202007,126. 서강대 후문 옆,1,1
202007,1264. 천호역 10번 출구 앞,0,2
202007,1268. 몽촌토성역 1번출구 옆,2,2
202007,1277. 오금동 송파 참병원,1,1
202007,1278. 송파구청 교차로,2,0
202007,128. 신촌역(2호선) 1번출구 옆,2,6
202007,1289. 풍납동 자전거보관소,1,2
202007,129. 신촌역(2호선) 6번출구 옆,2,3
202007,1291. 서울체육고등학교 앞,1,0
202007,1293. 석촌호교차로 (스타벅스 앞),2,1
202007,1295. 잠실역 8번출구,1,4
202007,1296. 석촌호수교차로 (송파나루근린공원 앞),1,1
202007,130. 신촌역(2호선) 7번출구 앞,2,7
202007,1302. 한성대입구역6번출구 뒤,1,1
202007,131. 증산2교,2,2
202007,1320. LG베스트샵 종암점,1,0
202007,1328. 월곡역 3번출구,0,1
202007,1332. 석계역 5번출구 건너편,1,0
202007,1333. 석관초등학교 앞,0,3
202007,1334. 석관동주민센터 앞,1,1
202007,1336. 성북3교 위,0,1
202007,1337. 돈암성당 옆,1,0
202007,1338. 용문2교 옆,1,0
202007,134. 연세로 명물길,2,0
202007,135. 명물길 원형무대 앞,2,2
202007,1354. 고려대학교 2번출구,1,0
202007,1355. 보문2교,1,2
202007,1364. 성북동 치안센터 앞,1,0
202007,1377. 한국과학기술연구원 북문,1,0
202007,140. 이화여대 후문,1,1
202007,1411. 상봉시장앞 교차로 한성빌딩 앞,1,0
202007,142. 아현역 4번출구 앞,0,1
202007,1429. 장안중학교,1,0
202007,143. 공덕역 2번출구,1,1
202007,144. 공덕역 8번출구,0,3
202007,1442. (구)신한은행 중랑교지점,1,0
202007,1445. 용마지구대,1,0
202007,1448. 코스트코 상봉점,0,3
202007,145. 공덕역 5번출구,1,1
202007,146. 마포역 2번출구 뒤,4,6
202007,150. 서강대역 2번출구 앞,1,1
202007,151. 망원1동주민센터,1,0
202007,152. 마포구민체육센터 앞,8,6
202007,1520. 성실교회,1,0
202007,153. 성산2교 사거리,4,0
202007,1535. 효성인텔리안 앞,1,0
202007,1537. 북한산 우이역,0,3
202007,154. 마포구청역 ,1,2
202007,1546. 송천동우체국,0,1
202007,155. 가좌역1 번출구 뒤,2,6
202007,159. 이대역 4번 출구,1,0
202007,160. 북아현동 가구거리,3,1
202007,1601. 석계역 문화광장 내 자전거 보관소,0,1
202007,1602. 광운대역 앞,1,0
202007,1608. 공릉역 1번 출구 앞,0,2
202007,1610. 화랑대역 2번출구 앞,0,1
202007,1611. 과기대 입구(우),2,1
202007,1619. 중계동 하나프라자빌딩 앞(중1-1),1,0
202007,162. 봉원고가차도 밑,0,1
202007,1630. 수연빌딩 앞,1,0
202007,1650. 중계근린공원내,1,0
202007,1651. 맥도날드 상계점 앞,1,0
202007,1652. 파르코 앞,0,1
202007,1657. 노원구청 ,1,0
202007,1660. 서울시립과학관,1,1
202007,1663. 동해문화예술관앞,3,0
202007,1665. 양지근린공원앞,0,1
202007,1669. 중계역 3번출구,1,0
202007,1673. 노원역 5번출구,0,1
202007,1679. 삼육대 도서관,1,0
202007,1709. 쌍문역4번출구 주변,1,0
202007,171. 임광빌딩 앞,0,1
202007,1716. 하나로마트 창동점,2,1
202007,1726. 삼익세라믹아파트교차로,0,1
202007,173. 서대문역 8번출구 앞,1,0
202007,1741. 제일강산수산입구,1,0
202007,175. 홍연2교옆,2,2
202007,176. 명지대학교 도서관,0,2
202007,180. 충정로역 7번출구 아래,1,0
202007,182. 망원2빗물펌프장 앞,6,6
202007,1824. 독산근린공원 입구,1,0
202007,183. 하늘채코오롱아파트 건너편,4,1
202007,185. 마포 신수공원 앞,0,1
202007,1858. 석수역1번출구 앞 (SK주유소),0,1
202007,188. 홍은동 정원여중 입구,0,1
202007,1904. 도림천역 1번 출구 앞,0,1
202007,1911. 구로디지털단지역 앞,5,2
202007,1914. 대림역4번출구,0,1
202007,1924. 삼부르네상스파크빌,0,1
202007,1946. 구로역 광장,1,0
202007,1961. 신도림테크노근린공원,1,1
202007,198. 충정2교,1,1
202007,2013. 장승배기역 5번출구,0,1
202007,202. 국민일보 앞,3,1
202007,2025. 흑석역 1번출구,9,5
202007,2026. 흑석역 4번출구,2,0
202007,2027. 중앙대학교 정문,4,0
202007,2032. 이수역 11번출구쪽,1,0
202007,2033. 사당동 아르테스 웨딩앞,1,0
202007,2037. 동작역 5번출구 동작주차공원,7,3
202007,204. 국회의사당역 5번출구 옆,0,1
202007,2041. 사당중학교 버스정류소,1,2
202007,205. 산업은행 앞,1,1
202007,2050. 노량진역 5번출구,1,1
202007,206. KBS 앞,1,2
202007,2062. 사당새마을금고,0,1
202007,2069. 숭실대 입구역3번 출구 앞,1,1
202007,207. 여의나루역 1번출구 앞,14,24
202007,2076.노들나루공원 입구,1,0
202007,2077.노들역 3번출구,1,0
202007,2080.빕스 대방점 앞,1,0
202007,209. 유진투자증권빌딩 앞,0,4
202007,210. IFC몰,0,1
202007,2102. 봉림교 교통섬,0,2
202007,2104. 사당역 5번출구,0,1
202007,2107. 도림천 신화교,1,1
202007,211. 여의도역 4번출구 옆,2,0
202007,2111. 서울대입구역 1번출구,0,1
202007,2112. 서울대입구역 마에스트로,0,2
202007,2115. 관악농협농산물백화점,2,0
202007,2119. 중앙동 동진빌딩,0,1
202007,212. 여의도역 1번출구 옆,1,1
202007,2122. 낙성대로 입구,0,1
202007,213. KT앞,1,1
202007,2135. 신림역 5번출구,1,0
202007,2139. 서울신성초등학교,0,1
202007,214. 금융감독원 앞,0,1
202007,2148. 낙성대역 3번출구 뒤,1,0
202007,215. 여의도고교 앞,1,0
202007,2167. 낙성대역 1번출구,1,0
202007,217. NH농협은행 앞,2,0
202007,2173. 당곡사거리,1,0
202007,2174. 삼성디지털프라자관악점,0,1
202007,2176. 보라매공원 보도육교,5,5
202007,2177. 신대방역 2번 출구,4,4
202007,2178. 서울대학교 정문,1,0
202007,2183. 동방1교,6,2
202007,2185. 대학동 고시촌,2,2
202007,2187.현대시장사거리(신한은행),0,1
202007,220. 미성아파트 A동 앞,3,0
202007,2210. 반포1동 주민센터 앞,0,1
202007,2213. 고속터미널역 5번출구 앞,4,2
202007,2214. 신반포역 2번출구 앞,5,4
202007,2215. 반포종합운동장 입구,2,0
202007,2217.아크로리버뷰 부지 앞,0,1
202007,"2219. 고속터미널역 8-1번, 8-2번 출구 사이",10,12
202007,2220. 반포본동 주민센터 앞,4,2
202007,2222.사당역 12번출구 뒤,0,1
202007,2227.방배열린문화센터 앞,1,0
202007,2230.이수역 4번 출구,0,1
202007,2231. 삼성타운(삼성생명) A동 맞은편,1,1
202007,2242.양재역 11번 출구 앞,1,1
202007,225. 앙카라공원 앞,0,1
202007,2252. 하이브랜드 앞,0,1
202007,2259. 잠원역 3번-4번 출구사이 ,1,1
202007,226. 샛강역 1번출구 앞,0,5
202007,2262. 한신16차아파트 119동 앞,6,12
202007,2265. 이수고가차도 남단,1,2
202007,2274. 양재시민의숲역 3번출구,1,0
202007,2276. 영동1교 (양재천근린공원),1,1
202007,2277. 길마중4교 하부,2,1
202007,228. 선유도역 3번출구 앞,1,2
202007,2290. 서래마을파리15구공원앞,5,0
202007,2293. SPC 앞,0,1
202007,2301. 현대고등학교 건너편,11,9
202007,2306. 압구정역 2번 출구 옆,2,2
202007,2307. 압구정 한양 3차 아파트,1,5
202007,2310. 청담동 맥도날드 옆(위치),1,0
202007,2312. 청담역 13번 출구 앞,3,1
202007,2313. 금원빌딩 앞,3,2
202007,2317. 삼성도로공원,0,2
202007,232. 양평우림 이비즈센타 앞,0,2
202007,2320. 도곡역 대치지구대 방향,1,1
202007,2322. 삼성역 3번 출구,2,3
202007,2324. 천주교 대치 2동 교회 옆,1,2
202007,2333. 양재역 3번출구 주변,1,0
202007,2348. 포스코사거리(기업은행),1,0
202007,2352. 서울본부세관(건설회관 앞),1,0
202007,2354. 청담역 2번출구,1,1
202007,2355. 삼성역 5~6번 출구 사이,0,1
202007,2362. 신사동 가로수길 입구,5,3
202007,2363. 강남 을지병원 교차로,0,3
202007,2364. 도산대로 렉서스 앞,1,0
202007,2370. 한티역 3번출구,1,0
202007,2377. 수서역 5번출구 뒤,0,1
202007,2380. 삼성동베이직하우스앞,1,1
202007,2381. 언주역 6번출구앞,0,2
202007,2385. 학동역,1,0
202007,2387. 래미안강남힐즈 사거리,1,0
202007,2388. 강남구 도시관리공단,2,2
202007,2406. 논현동 광명빌딩 앞,0,3
202007,2407. 역삼.서초.삼성 세무서 앞 (역삼빌딩 앞),0,1
202007,243. 이앤씨드림타워 앞,1,0
202007,247. 당산역 10번출구 앞,1,1
202007,248. 초원아파트 앞,2,0
202007,249. 여의도중학교 옆,7,9
202007,2503. 반포1동 서초빌딩 앞,1,0
202007,2504. 신사역 4번출구 뒤,1,1
202007,2505. 우성아파트사거리 (기업은행앞),0,1
202007,2509. KT반포지사,3,5
202007,2525.반포쇼핑타운 2동 앞,1,1
202007,2526.반포경남쇼핑 앞,1,0
202007,2538.사평리 공원,1,0
202007,257. 신길삼거리(우리은행),3,5
202007,259. 대방역6번출구,2,1
202007,260. 여의도 마리나선착장 앞,1,2
202007,2604. 삼표레미콘 앞,1,1
202007,2613. 잠실나들목,0,2
202007,2619. 석촌고분역 4번출구,1,0
202007,2620. 송파나루역 4번 출구옆,1,5
202007,2621. 한성백제역 2번 출구,4,3
202007,2622. 올림픽공원역 3번출구,1,3
202007,2623.석촌동 주민센터,2,1
202007,2630.서울방이동 고분군,1,0
202007,2637.잠실월드 메르디앙,1,0
202007,2645.잠실나들목2(엘스아파트136동),0,1
202007,267. 삼성화재 사옥 옆,1,2
202007,270. 증권거래소후문교차로,0,1
202007,2701. 마곡나루역 5번출구 뒤편,0,1
202007,2714.발산1동주민센터교차로,0,1
202007,2715.마곡나루역 2번 출구 ,4,5
202007,272. 당산육갑문,7,8
202007,2728.마곡나루역 3번 출구,0,1
202007,2729.넥센 유니버시티 앞,2,0
202007,282. 신한은행,2,0
202007,286. 우성아파트 교차로,1,0
202007,287. 영등포전화국사거리 (서강어린이공원),1,2
202007,288. 쌍용예가(구청별관),0,1
202007,291. 문래동 하이테크 시티,2,0
202007,3009.서교동사거리(신),1,9
202007,3010.홍대입구역 3번출구,1,2
202007,302. 경복궁역 4번출구 뒤,0,1
202007,304. 광화문역 2번출구 앞,1,0
202007,305. 종로구청 옆,1,0
202007,306. 광화문역 7번출구 앞,0,1
202007,309. 광화문역 6번출구 옆,3,0
202007,310. 청계광장 옆,2,1
202007,3100. 북성초교,1,0
202007,3102. 연희삼거리,2,1
202007,3103. 홍제삼거리 북측,1,2
202007,3106. 홍남교 두바퀴쉼터,1,0
202007,3107. 연희초등학교 앞,1,1
202007,311. 서울광장 옆,8,5
202007,3125.연희파크푸르지오아파트 앞,1,0
202007,316. 종각역 1번출구 앞,1,0
202007,318. 광교사거리 남측,2,1
202007,320. 을지로입구역 4번출구 앞,1,0
202007,3219.영등포역 2번출구,0,1
202007,324. 신세계백화점 본점 앞,6,10
202007,326. 안국역 5번출구 앞,1,1
202007,327. 낙원상가 옆,1,1
202007,329. 청계2가 사거리 옆,1,0
202007,331. 을지로2가 사거리 북측,1,1
202007,334. 종로3가역 2번출구 뒤,2,0
202007,336. 티마크 호텔 앞,1,0
202007,337. 창경궁 입구,1,1
202007,3411.종묘,0,1
202007,342. 대학로 마로니에공원,1,1
202007,343. 예일빌딩(율곡로) 앞,1,0
202007,347. 동대문역사문화공원역 9번출구 앞,1,1
202007,348. 독립문역 사거리,1,0
202007,349. 사직동주민센터,0,2
202007,3500. 군자역2번출구,1,1
202007,3505. 신양초교앞 교차로,2,1
202007,3507. 어린이회관,1,0
202007,3508. 화양사거리,1,0
202007,3509. 세종사이버대학교,0,2
202007,3511. 응봉역 1번출구,4,2
202007,3515. 서울숲 관리사무소,4,5
202007,3516. 구의아리수정수센터앞,4,0
202007,3517. 용마사거리,2,0
202007,3518. 군자역 7번출구뒤,0,1
202007,3525. 금호스포츠센터앞,1,2
202007,3528. 광진정보도서관,1,0
202007,3533. 건대입구역 사거리(롯데백화점),6,12
202007,3534. 건대입구역 5번출구 뒤,0,2
202007,3535. 중곡사거리(국민은행),2,1
202007,3539. 서원마을,1,0
202007,3541. 커먼그라운드,0,2
202007,3549.건영아파트 앞,1,1
202007,3552.서울숲 공영주차장앞,1,0
202007,358. 성대입구 사거리,1,0
202007,359. 원남동사거리,1,0
202007,361. 동묘앞역 1번출구 뒤,2,1
202007,362. 청계8가 사거리,0,1
202007,368. SK 서린빌딩 앞,1,1
202007,370. 시청역(2호선) 9번출구 뒤,1,0
202007,371. 동대입구역 6번출구 뒤,2,2
202007,374. 청구역 2번출구 앞,0,1
202007,379. 서울역9번출구,0,2
202007,380. CJ제일제당 앞,1,1
202007,383. 신당역 12번 출구 뒤,0,1
202007,384. 종로학원본원 ,1,2
202007,385. 종각역 5번출구,1,2
202007,389. 을지로4가역 1번출구,1,0
202007,390. 충무로역 1번출구,0,1
202007,391. 정동길입구,2,2
202007,393. 동대문역 8번 출구,1,0
202007,394. 경희궁 자이 3단지,1,1
202007,395. 경희궁 자이 2단지,2,0
202007,397. 종묘공영주차장 건너편,1,1
202007,398. 을지로3가역 3번출구,2,1
202007,399. 서울역 센트럴 자이아파트,3,1
202007,405. DMC빌 앞,5,4
202007,411. DMC홍보관,0,1
202007,413. 상암월드컵파크 3단지 후문,0,1
202007,415. DMC역 9번출구 앞,0,3
202007,418. 월드컵경기장역 3번출구 옆,1,0
202007,419. 홈플러스 앞,1,1
202007,420. 서울시 공공자전거 상암센터,2,2
202007,421. 마포구청 앞,2,1
202007,426. 서울신용보증재단,0,2
202007,433. 을지로입구역 2번출구,0,1
202007,435. SK 남산빌딩,0,1
202007,437. 대흥역 1번출구,2,0
202007,438. 성산2-1 공영주차장,0,1
202007,439. 마포어린이공원,3,1
202007,440. 하늘공원 입구,4,5
202007,454. 종로2가 버스정류장 (종각방향),1,2
202007,456. 숭인2동 주민센터 입구 (이강3대냉면),1,1
202007,458. 광화문역 5번출구,5,3
202007,471.회현사거리 남측,0,1
202007,481.신당역 10번 출구,1,0
202007,493.홍대입구역 6번출구,0,1
202007,495.염리초등학교 앞,0,2
202007,497.합정동주민센터 앞,0,1
202007,498.연남동주민센터 앞,2,2
202007,501. 광진구의회 앞,1,4
202007,502. 뚝섬유원지역 1번출구 앞,11,7
202007,505. 자양사거리 광진아크로텔 앞,1,1
202007,509. 이마트 버스정류소 옆,1,3
202007,510. 서울숲 남문 버스정류소 옆,3,6
202007,511. 서울숲역 4번 출구 옆,1,2
202007,512. 뚝섬역 1번 출구 옆,2,0
202007,513. 뚝섬역 5번 출구 정류소 옆,0,1
202007,514. 성수사거리 버스정류장 앞,0,2
202007,516. 광진메디칼 앞,0,1
202007,521. 왕십리역 11번 출구 앞,1,3
202007,525. 한양대병원사거리,1,4
202007,530. 청계벽산아파트 앞,2,0
202007,537. 한양대후문역 부근,3,2
202007,538. 답십리역 8번출구 앞,1,1
202007,539. 군자교교차로,0,3
202007,540. 군자역 7번출구 베스트샵 앞,2,0
202007,542. 강변역 4번출구 뒤,2,1
202007,548. 자양나들목,2,3
202007,549. 아차산역 3번출구,0,4
202007,551. 구의삼성쉐르빌 앞,3,0
202007,553. 중곡 성원APT 앞,2,2
202007,556. 달맞이공원,1,1
202007,557. 도선동 주민센터 앞,1,0
202007,559. 왕십리역 4번 출구 건너편,1,0
202007,565. 옥수역 3번출구,5,2
202007,567. 성수역 2번출구 앞,0,1
202007,568. 청계8가사거리 부근,1,1
202007,578. 성동세무서 부근,2,0
202007,581. 용답초등학교,3,1
202007,583. 청계천 생태교실 앞,3,4
202007,584. 광진광장 교통섬,2,0
202007,587. 유니베라 앞,2,2
202007,588. 뚝섬 유원지역,3,1
202007,589. 성수역3번출구,0,2
202007,593.자양중앙나들목,0,1
202007,605. 신설동역8번출구,1,1
202007,612. 시립동부병원 앞 사거리,0,2
202007,614. 용두동 사거리,1,4
202007,615. 용두동 래미안허브리츠아파트 앞,4,1
202007,624. 전농동 동아아파트 앞,2,2
202007,626. 군자교 서측 녹지대,1,0
202007,631. 답십리역 1번출구,0,1
202007,634. 외국어대 정문 앞,7,5
202007,635. 시조사 앞 (청량고정문 옆),2,1
202007,637. KAIST 경영대학 앞,2,1
202007,640. KEB하나은행 청량리역지점,0,1
202007,641. 용두역 4번출구,2,1
202007,646. 장한평역 1번출구 (국민은행앞),1,0
202007,659. 제기역1번출구,1,0
202007,660. 동의보감타워,1,0
202007,661. 경희대학교 청운관,1,1
202007,677.청량리역 4번 5번출구 사이,0,1
202007,700. KB국민은행 염창역 지점 앞,1,0
202007,704. 남부법원검찰청 교차로,1,0
202007,708. 서울출입국관리사무소 앞,0,1
202007,729. 서부식자재마트 건너편,1,0
202007,731. 서울시 도로환경관리센터,2,0
202007,746. 목동2단지 상가,4,3
202007,752. 성원2차 아파트,2,4
202007,756. 목동주차장,1,0
202007,764. 목동청소년수련관,0,1
202007,766. 신목동역 3번출구,1,3
202007,802. 한강진역 2번 출구 앞,0,1
202007,803. 한남초교 앞 보도육교,1,0
202007,805. 문배어린이공원 앞,5,5
202007,806. 전자랜드 본관 앞,1,1
202007,807. 서울역 12번 출구 앞,2,4
202007,808. 서빙고동 금호맨션 앞,2,2
202007,809. 한남 유수지 복개주차장,1,3
202007,810. 이태원지하보도,8,2
202007,811. 녹사평역1번출구,4,0
202007,812. 용산전쟁기념관,1,1
202007,813. 삼각지역 3번출구,3,0
202007,815. LIG강촌아파트 103동앞,2,1
202007,816. 신용산역 6번출구 앞,16,15
202007,817. 삼각지역 4번출구 앞,2,2
202007,818. 숙명여대 입구 교차로,1,2
202007,819. 선린인터넷 고등학교,2,2
202007,820. 청파동입구 교차로,2,2
202007,822. 이촌1동 마을공원,1,0
202007,823. 효창동주민센터 앞,1,0
202007,825. 서빙고동 주민센터 앞,7,6
202007,826. 서울역 서부교차로2,3,5
202007,829. 베르가모앞,7,5
202007,831. 이태원관광특구입구,2,3
202007,832. 이촌1동 주민센터 뒤,3,6
202007,834. 효창공원앞역 3번출구 뒤,4,3
202007,835. 남영역 건너편,0,1
202007,836. 현대자동차서비스 앞,2,2
202007,837. 한남나들목 입구,7,5
202007,838. 숙대입구역 4번출구,1,0
202007,839. 보광동 삼성리버빌아파트 앞,1,1
202007,840. 용산 파크타워 앞,5,5
202007,841. 신용산역 1번 출구,12,5
202007,843. 녹사평역 광장,0,2
202007,847. 국방부민원실옆,0,1
202007,849. 삼각지 자이아파트,1,6
202007,850. KCC용산월츠타워 ,1,0
202007,854.HID 유족동지회 앞,1,0
202007,858.녹사평역3번 출구,0,1
202007,860.LG한강 자이아파트 앞,2,3
202007,870.노들섬 서측 앞,0,2
202007,907. CJ 드림시티,3,0
202007,913. 이마트 은평점,8,8
202007,914. 새절역 2번출구,1,1
202007,961. 불광역 9번 출구,0,1
202007,967. 서울혁신파크2,1,0
202007,위트콤,1,0
202008,101. (구)합정동 주민센터,1,0
202008,1013. 강동구청역 1번 출입구,1,0
202008,1019. 다성이즈빌아파트(호원대 대각선 맞은편),2,0
202008,102. 망원역 1번출구 앞,4,2
202008,103. 망원역 2번출구 앞,2,4
202008,1032. 선사고등학교,0,1
202008,104. 합정역 1번출구 앞,0,1
202008,105. 합정역 5번출구 앞,1,2
202008,1051. 양지시장 (용성약국앞) 입구,0,1
202008,1058. 고덕숲 아이파크 1,0,1
202008,106. 합정역 7번출구 앞,6,11
202008,107. 신한은행 서교동금융센터점 앞,5,4
202008,108. 서교동 사거리,2,1
202008,109. 제일빌딩 앞,1,1
202008,1103. 방화역 4번출구앞,10,10
202008,111. 상수역 2번출구 앞,3,3
202008,1110. 공항중학교앞,0,1
202008,1113. 서남환경공원 버스정류장,1,1
202008,1118. 증미역 3번출구뒤(등촌두산위브센티움오피스텔),0,1
202008,112. 극동방송국 앞,2,2
202008,1120. 대림경동아파트앞,1,1
202008,1129. 화곡역 1번 출구 앞,0,1
202008,114. 홍대입구역 8번출구 앞,4,3
202008,115. 마스타 빌딩 앞,6,2
202008,1152. 마곡역교차로,1,0
202008,1158. 가양역 8번출구,1,1
202008,116. 일진아이윌아파트 옆,2,2
202008,117. 홍은사거리,4,4
202008,1173. 강서구청사거리(SH타워),1,2
202008,1177. 수명중?고교,1,1
202008,1192. 마곡수명산파크 209동 건너편,1,2
202008,1204. 거여역 3번출구,1,0
202008,1209. 잠실나루역 (2번 출구 쪽),2,1
202008,121. 마포소방서 앞,1,0
202008,1210. 롯데월드타워(잠실역2번출구 쪽),2,1
202008,1212. 송파역 2번 출구앞,0,1
202008,1215. 올림픽공원역 1번출구 앞,1,0
202008,1222. 잠실새내역 5번 출구 뒤,0,4
202008,1226. 잠실4동 주민센터 옆,0,2
202008,123. 문화촌 공원,1,0
202008,1248. 방이초등학교,1,1
202008,127. 현대벤처빌 앞,0,1
202008,1277. 오금동 송파 참병원,1,1
202008,128. 신촌역(2호선) 1번출구 옆,2,1
202008,129. 신촌역(2호선) 6번출구 옆,0,2
202008,1297. 석촌호수교차로(동호 팔각정 앞),1,2
202008,130. 신촌역(2호선) 7번출구 앞,1,1
202008,131. 증산2교,1,1
202008,1337. 돈암성당 옆,0,1
202008,134. 연세로 명물길,2,3
202008,1343. 한성대7번출구 앞,0,1
202008,135. 명물길 원형무대 앞,0,1
202008,1361. 홍익중고 입구,1,0
202008,1372. KEB은행 고대점,0,1
202008,140. 이화여대 후문,3,2
202008,1402. 금란주차장 앞,0,1
202008,142. 아현역 4번출구 앞,1,0
202008,144. 공덕역 8번출구,0,1
202008,1446. 중랑전화국 교차로,2,2
202008,1448. 코스트코 상봉점,1,1
202008,1459. 용마한신아파트사거리,1,0
202008,146. 마포역 2번출구 뒤,3,3
202008,147. 마포역 4번출구 뒤,1,2
202008,150. 서강대역 2번출구 앞,2,0
202008,151. 망원1동주민센터,2,0
202008,152. 마포구민체육센터 앞,6,3
202008,1530. 광산사거리,1,1
202008,1537. 북한산 우이역,3,5
202008,155. 가좌역1 번출구 뒤,0,1
202008,1650. 중계근린공원내,1,0
202008,1657. 노원구청 ,0,1
202008,1662. 노원역7번출구,1,1
202008,1663. 동해문화예술관앞,6,4
202008,175. 홍연2교옆,1,0
202008,182. 망원2빗물펌프장 앞,1,1
202008,1824. 독산근린공원 입구,1,0
202008,183. 하늘채코오롱아파트 건너편,3,8
202008,184. SK망원동주유소 건너편,1,1
202008,1858. 석수역1번출구 앞 (SK주유소),0,1
202008,186. 월드컵공원,4,5
202008,188. 홍은동 정원여중 입구,0,1
202008,1904. 도림천역 1번 출구 앞,1,1
202008,1911. 구로디지털단지역 앞,1,1
202008,195. 모래내고가차도 ,1,1
202008,1977. 천왕역 1번 출입구 앞,1,1
202008,199. 서울 월드컵 경기장,1,0
202008,1996. 구일역 1번 출입구 앞,0,1
202008,2000. 신도림4차 e편한세상 아파트 1109동 앞,1,1
202008,202. 국민일보 앞,1,1
202008,2024. 상도역 1번출구,1,0
202008,2025. 흑석역 1번출구,2,2
202008,2026. 흑석역 4번출구,0,1
202008,203. 국회의사당역 3번출구 옆,0,1
202008,2033. 사당동 아르테스 웨딩앞,2,0
202008,205. 산업은행 앞,0,1
202008,2064. 흑석한강푸르지오 106동앞,0,1
202008,2069. 숭실대 입구역3번 출구 앞,1,0
202008,207. 여의나루역 1번출구 앞,7,7
202008,210. IFC몰,1,2
202008,2102. 봉림교 교통섬,4,3
202008,2104. 사당역 5번출구,1,0
202008,211. 여의도역 4번출구 옆,1,0
202008,2111. 서울대입구역 1번출구,0,1
202008,212. 여의도역 1번출구 옆,1,0
202008,2122. 낙성대로 입구,1,0
202008,2129. 낙성대 과학전시관,1,0
202008,213. KT앞,1,0
202008,2139. 서울신성초등학교,0,1
202008,2143. 서울산업정보학교,1,0
202008,2159. 인헌초교,0,1
202008,2165. JK장평타워,1,0
202008,2183. 동방1교,3,0
202008,2185. 대학동 고시촌,0,1
202008,220. 미성아파트 A동 앞,1,0
202008,2213. 고속터미널역 5번출구 앞,1,1
202008,"2219. 고속터미널역 8-1번, 8-2번 출구 사이",1,5
202008,226. 샛강역 1번출구 앞,0,1
202008,2262. 한신16차아파트 119동 앞,1,2
202008,2264. 이수역 1번출구,1,1
202008,2268. 서초4동주민센터 ,0,1
202008,229. 양평1 보행육교 앞,1,1
202008,230. 영등포구청역 1번출구,0,1
202008,2301. 현대고등학교 건너편,4,1
202008,2302. 교보타워 버스정류장(신논현역 3번출구 후면),1,0
202008,2303. 논현역 7번출구,2,0
202008,2307. 압구정 한양 3차 아파트,2,3
202008,2310. 청담동 맥도날드 옆(위치),3,2
202008,2311. 학동로 래미안 아파트 앞,1,0
202008,232. 양평우림 이비즈센타 앞,1,5
202008,233. YP 센터 앞,1,0
202008,2342. 대청역 1번출구  뒤,2,2
202008,2355. 삼성역 5~6번 출구 사이,0,1
202008,2361. 압구정역 교차로,0,1
202008,2362. 신사동 가로수길 입구,1,2
202008,2377. 수서역 5번출구 뒤,1,1
202008,2429.압구정로데오역 6번출구,0,1
202008,243. 이앤씨드림타워 앞,2,2
202008,247. 당산역 10번출구 앞,1,0
202008,249. 여의도중학교 옆,1,2
202008,2503. 반포1동 서초빌딩 앞,1,0
202008,2504. 신사역 4번출구 뒤,1,2
202008,2505. 우성아파트사거리 (기업은행앞),0,1
202008,2511. 이수역 6번출구 앞,2,1
202008,2519.서초2교(사임당로 방면),1,0
202008,2525.반포쇼핑타운 2동 앞,1,0
202008,2610. 여흥레이크빌 앞 (석촌호수 까페거리),1,0
202008,2613. 잠실나들목,3,4
202008,2619. 석촌고분역 4번출구,1,0
202008,2620. 송파나루역 4번 출구옆,0,1
202008,2621. 한성백제역 2번 출구,8,6
202008,2622. 올림픽공원역 3번출구,0,3
202008,2623.석촌동 주민센터,2,3
202008,2630.서울방이동 고분군,2,1
202008,2639.석촌역 8번출구,1,0
202008,2653.올림픽공원사거리(선수촌아파트),1,0
202008,2701. 마곡나루역 5번출구 뒤편,1,0
202008,2704.홈플러스(강서점),1,1
202008,2715.마곡나루역 2번 출구 ,2,2
202008,272. 당산육갑문,3,3
202008,2722.마곡 문영비지웍스,1,0
202008,2723.마곡 필네이처,0,1
202008,2728.마곡나루역 3번 출구,2,1
202008,274. 영등포역지하쇼핑센타 5번출구,1,1
202008,275. 신동아아파트,2,0
202008,287. 영등포전화국사거리 (서강어린이공원),1,0
202008,299.여의도 순복음교회,0,2
202008,3009.서교동사거리(신),4,4
202008,3010.홍대입구역 3번출구,1,3
202008,3011.경의선(노고산동),2,1
202008,303. 광화문역 1번출구 앞,0,2
202008,305. 종로구청 옆,0,1
202008,308. 광화문 S타워 앞,1,0
202008,310. 청계광장 옆,1,0
202008,3100. 북성초교,1,0
202008,3101. 서대문구청,2,3
202008,3102. 연희삼거리,1,0
202008,3106. 홍남교 두바퀴쉼터,0,1
202008,3107. 연희초등학교 앞,1,2
202008,311. 서울광장 옆,1,1
202008,314. 국립현대미술관,2,0
202008,318. 광교사거리 남측,0,1
202008,322. 명동성당 앞,0,1
202008,324. 신세계백화점 본점 앞,2,2
202008,326. 안국역 5번출구 앞,0,1
202008,327. 낙원상가 옆,1,1
202008,329. 청계2가 사거리 옆,1,0
202008,338. 세운스퀘어 앞,1,1
202008,3407.안국동사거리(신),1,1
202008,348. 독립문역 사거리,2,0
202008,349. 사직동주민센터,0,1
202008,3505. 신양초교앞 교차로,1,0
202008,351. 청운초교 앞 삼거리,1,1
202008,3511. 응봉역 1번출구,0,1
202008,3514. 왕십리교회옆,1,2
202008,3515. 서울숲 관리사무소,3,5
202008,3516. 구의아리수정수센터앞,2,0
202008,3517. 용마사거리,0,2
202008,3534. 건대입구역 5번출구 뒤,3,0
202008,3541. 커먼그라운드,1,2
202008,3550.금호나들목,1,0
202008,361. 동묘앞역 1번출구 뒤,1,0
202008,368. SK 서린빌딩 앞,0,1
202008,369. 광화문 시민열린마당,3,1
202008,372. 약수역 3번출구 뒤,0,2
202008,382. 약수역 10번출구 앞,1,0
202008,385. 종각역 5번출구,1,0
202008,395. 경희궁 자이 2단지,0,1
202008,405. DMC빌 앞,1,2
202008,406. 상암월드컵파크 7단지 앞,1,0
202008,407. 마포구 육아종합지원센터,0,1
202008,411. DMC홍보관,1,1
202008,421. 마포구청 앞,1,0
202008,433. 을지로입구역 2번출구,1,0
202008,437. 대흥역 1번출구,0,1
202008,438. 성산2-1 공영주차장,1,1
202008,446. 상명대입구,1,1
202008,451. 청와대앞길,1,0
202008,483.남산타운아파트 버스정류장,1,0
202008,497.합정동주민센터 앞,1,0
202008,502. 뚝섬유원지역 1번출구 앞,6,3
202008,507. 성수아이에스비즈타워 앞,0,1
202008,510. 서울숲 남문 버스정류소 옆,4,2
202008,511. 서울숲역 4번 출구 옆,0,1
202008,514. 성수사거리 버스정류장 앞,1,0
202008,542. 강변역 4번출구 뒤,0,4
202008,548. 자양나들목,3,0
202008,549. 아차산역 3번출구,0,1
202008,563. 성동세무서 건너편,3,0
202008,565. 옥수역 3번출구,1,1
202008,567. 성수역 2번출구 앞,1,0
202008,574. 아차산역4번출구,0,1
202008,585. 성수2가1동 공영주차장 인근,0,2
202008,587. 유니베라 앞,1,0
202008,588. 뚝섬 유원지역,0,1
202008,624. 전농동 동아아파트 앞,2,2
202008,633. 청량리 기업은행 앞,3,2
202008,634. 외국어대 정문 앞,1,2
202008,635. 시조사 앞 (청량고정문 옆),0,1
202008,646. 장한평역 1번출구 (국민은행앞),1,0
202008,746. 목동2단지 상가,4,4
202008,774.등촌역 4번 출구 ,1,0
202008,802. 한강진역 2번 출구 앞,2,0
202008,803. 한남초교 앞 보도육교,2,0
202008,805. 문배어린이공원 앞,1,2
202008,806. 전자랜드 본관 앞,0,1
202008,807. 서울역 12번 출구 앞,1,0
202008,808. 서빙고동 금호맨션 앞,0,1
202008,809. 한남 유수지 복개주차장,1,0
202008,810. 이태원지하보도,1,4
202008,811. 녹사평역1번출구,2,0
202008,813. 삼각지역 3번출구,5,1
202008,815. LIG강촌아파트 103동앞,1,1
202008,816. 신용산역 6번출구 앞,2,2
202008,817. 삼각지역 4번출구 앞,1,1
202008,818. 숙명여대 입구 교차로,3,3
202008,819. 선린인터넷 고등학교,1,1
202008,822. 이촌1동 마을공원,1,1
202008,825. 서빙고동 주민센터 앞,2,2
202008,826. 서울역 서부교차로2,1,4
202008,827. 국군복지단,2,0
202008,831. 이태원관광특구입구,0,1
202008,832. 이촌1동 주민센터 뒤,2,3
202008,837. 한남나들목 입구,2,1
202008,840. 용산 파크타워 앞,4,5
202008,841. 신용산역 1번 출구,3,2
202008,843. 녹사평역 광장,3,3
202008,848. 삼각지12번 출구,1,0
202008,853.용산역 맞은편,2,1
202008,863.이촌역2번 출구,1,0
202008,869.노들섬 동측 앞,1,0
202008,902. 진관동 은빛초등학교,1,0
202008,907. CJ 드림시티,3,3
202008,913. 이마트 은평점,4,5
202008,927. 연신내역 3번출구 인근,1,1
202008,931. 역촌파출소,1,1
202008,948. 디지털미디어 시티역 4번출구(DMC역),1,1
202008,949. 연신내역 1번 출구 ,1,1
202009,1008. 암사역 3번출구(국민은행앞),1,0
202009,101. (구)합정동 주민센터,1,0
202009,102. 망원역 1번출구 앞,3,2
202009,1022. 길동 사거리(초소앞),1,0
202009,103. 망원역 2번출구 앞,1,1
202009,104. 합정역 1번출구 앞,2,2
202009,1042. 강일리버파크 2~5단지,2,1
202009,105. 합정역 5번출구 앞,6,5
202009,1051. 양지시장 (용성약국앞) 입구,0,1
202009,1058. 고덕숲 아이파크 1,0,2
202009,106. 합정역 7번출구 앞,14,21
202009,107. 신한은행 서교동금융센터점 앞,1,0
202009,108. 서교동 사거리,1,0
202009,1081.트레빌빌딩,0,1
202009,1084. 윤선생빌딩(JYP사옥),1,0
202009,1088.풍납사거리(강동),0,1
202009,109. 제일빌딩 앞,3,2
202009,1103. 방화역 4번출구앞,5,6
202009,111. 상수역 2번출구 앞,5,3
202009,1112. 마곡엠밸리4단지 정문,3,9
202009,1118. 증미역 3번출구뒤(등촌두산위브센티움오피스텔),0,1
202009,112. 극동방송국 앞,2,0
202009,1122. 황금내근린공원,1,1
202009,1125. 명덕고교입구(영종빌딩),1,1
202009,114. 홍대입구역 8번출구 앞,33,32
202009,115. 마스타 빌딩 앞,2,2
202009,1150. 송정역 1번출구,0,1
202009,"1153. 발산역 1번, 9번 인근 대여소",1,1
202009,116. 일진아이윌아파트 옆,4,1
202009,1160. 양천향교역 7번출구앞,0,1
202009,1161. 강서면허시험장앞,1,0
202009,1169. 염창역 1번 출구,1,0
202009,117. 홍은사거리,0,2
202009,1173. 강서구청사거리(SH타워),0,1
202009,118. 광흥창역 2번출구 앞,4,4
202009,1181. 농수산식품공사 (강서지사),1,0
202009,1187. 강서수산물도매시장,3,0
202009,119. 서강나루 공원,2,1
202009,1195. 코오롱One&Only타워,1,0
202009,1209. 잠실나루역 (2번 출구 쪽),4,3
202009,121. 마포소방서 앞,4,0
202009,1210. 롯데월드타워(잠실역2번출구 쪽),6,3
202009,1218. 방이역 4번출구,1,0
202009,122. 신성기사식당 앞,0,2
202009,1222. 잠실새내역 5번 출구 뒤,7,6
202009,1224. 아시아지하보도 2번 출구,1,0
202009,123. 문화촌 공원,1,1
202009,1230. 송파중학교 정문,1,1
202009,1231. 잠실역 6번출구,2,0
202009,1232. 롯데마트 주차장 옆,1,0
202009,1235. 잠실트리지움310동 옆,2,3
202009,124. 서강대 정문 건너편,3,1
202009,1245. 문정 법조단지9,1,0
202009,1248. 방이초등학교,2,1
202009,1250.문정2동 주민센터,1,0
202009,1259. 방이역 1번출구,0,1
202009,1264. 천호역 10번 출구 앞,0,2
202009,1267. 올림픽공원 남2문 앞,0,1
202009,1268. 몽촌토성역 1번출구 옆,0,1
202009,127. 현대벤처빌 앞,1,0
202009,1271. 송파도서관,0,3
202009,1277. 오금동 송파 참병원,1,0
202009,1278. 송파구청 교차로,1,0
202009,128. 신촌역(2호선) 1번출구 옆,4,1
202009,129. 신촌역(2호선) 6번출구 옆,1,0
202009,1295. 잠실역 8번출구,4,6
202009,130. 신촌역(2호선) 7번출구 앞,14,5
202009,1303. 돈암초교 입구,1,0
202009,1308. 안암로터리 버스정류장 앞,4,0
202009,1318. 길음역 3번출구 뒤,2,2
202009,1321. 국민은행 종암동지점 앞,0,1
202009,1327. 상월곡역 3번출구,1,0
202009,1337. 돈암성당 옆,0,1
202009,134. 연세로 명물길,3,2
202009,1343. 한성대7번출구 앞,1,0
202009,135. 명물길 원형무대 앞,4,0
202009,1354. 고려대학교 2번출구,3,0
202009,1359. 장위뉴타운 꿈에 숲 코오롱 하늘채 앞,1,0
202009,1360. 정릉역,2,2
202009,1363. 보문4교 인근,1,1
202009,1364. 성북동 치안센터 앞,0,3
202009,1369. 미아사거리,1,2
202009,1372. KEB은행 고대점,1,3
202009,138. 신촌동 제1공영주차장 앞,0,3
202009,140. 이화여대 후문,3,10
202009,1414. 사가정역 1번출구,1,1
202009,143. 공덕역 2번출구,3,2
202009,144. 공덕역 8번출구,0,2
202009,145. 공덕역 5번출구,2,0
202009,1451. 중랑세무서,2,0
202009,146. 마포역 2번출구 뒤,4,1
202009,147. 마포역 4번출구 뒤,5,4
202009,148. 용강동 주민센터 앞,0,1
202009,150. 서강대역 2번출구 앞,11,7
202009,1503. 이디야 커피 수유역점 앞,1,1
202009,152. 마포구민체육센터 앞,7,5
202009,153. 성산2교 사거리,0,1
202009,1535. 효성인텔리안 앞,1,0
202009,1537. 북한산 우이역,0,3
202009,154. 마포구청역 ,0,2
202009,155. 가좌역1 번출구 뒤,0,2
202009,157. 애오개역 4번출구 앞,5,6
202009,159. 이대역 4번 출구,0,6
202009,160. 북아현동 가구거리,1,1
202009,1602. 광운대역 앞,1,0
202009,1603. 롯데캐슬 102동 코너(월계주유소건너),1,0
202009,1605. 헬스케어,0,1
202009,1608. 공릉역 1번 출구 앞,1,1
202009,1617. 하계동 중평어린이공원 앞,1,0
202009,162. 봉원고가차도 밑,1,1
202009,166. 가재울 초등학교,1,1
202009,1663. 동해문화예술관앞,2,0
202009,167. 연가초등학교 옆,1,0
202009,1684. 태릉입구역 5번출구,0,1
202009,1707. 도봉구민회관,1,0
202009,171. 임광빌딩 앞,1,3
202009,1716. 하나로마트 창동점,1,0
202009,173. 서대문역 8번출구 앞,1,0
202009,1741. 제일강산수산입구,1,1
202009,175. 홍연2교옆,1,2
202009,179. 가좌역 4번출구 앞,1,0
202009,182. 망원2빗물펌프장 앞,2,5
202009,1824. 독산근린공원 입구,1,1
202009,183. 하늘채코오롱아파트 건너편,1,2
202009,1834. 월드메르디앙 벤처센터 2차,1,1
202009,184. SK망원동주유소 건너편,1,0
202009,185. 마포 신수공원 앞,0,2
202009,1858. 석수역1번출구 앞 (SK주유소),0,1
202009,186. 월드컵공원,5,2
202009,188. 홍은동 정원여중 입구,3,1
202009,1906. 신도림역 1번 출구 앞,1,2
202009,1911. 구로디지털단지역 앞,1,2
202009,1928. 고척스카이돔구장 광장,1,1
202009,1946. 구로역 광장,1,1
202009,195. 모래내고가차도 ,0,1
202009,1961. 신도림테크노근린공원,3,3
202009,1962. 가리봉동주민센터,1,1
202009,1971. 오정초교 앞 보도육교,2,2
202009,198. 충정2교,1,1
202009,1985. 구로도서관,0,2
202009,199. 서울 월드컵 경기장,2,2
202009,1992. 구로구배드민턴실내체육관 앞,1,1
202009,2002. 노들역 1번출구,1,1
202009,2008. 노량진근린공원 대방공원,1,0
202009,202. 국민일보 앞,2,6
202009,2025. 흑석역 1번출구,14,9
202009,2027. 중앙대학교 정문,2,2
202009,2032. 이수역 11번출구쪽,1,0
202009,2033. 사당동 아르테스 웨딩앞,1,0
202009,2034. 사당역 7번출구쪽,2,0
202009,2037. 동작역 5번출구 동작주차공원,3,3
202009,2038. 동작역 7번출구,1,0
202009,204. 국회의사당역 5번출구 옆,0,3
202009,2040. 비계 버스정류소,0,1
202009,2041. 사당중학교 버스정류소,0,2
202009,205. 산업은행 앞,1,1
202009,2058. 노량진동 맥도널드앞,0,1
202009,206. KBS 앞,1,0
202009,2060. 남성역3번출구 뒤,2,0
202009,2062. 사당새마을금고,0,1
202009,2063. 대방역 4번출구,2,0
202009,2065. 서울시여성가족재단,1,1
202009,207. 여의나루역 1번출구 앞,32,28
202009,2070. 노량진역 2번 출구 앞,1,1
202009,2080.빕스 대방점 앞,1,1
202009,209. 유진투자증권빌딩 앞,2,1
202009,210. IFC몰,5,2
202009,2102. 봉림교 교통섬,1,2
202009,211. 여의도역 4번출구 옆,2,1
202009,2112. 서울대입구역 마에스트로,6,7
202009,2113. 관악동작견인차량보관소,3,4
202009,2116. 에이스에이존빌딩,1,2
202009,2128. 관악구청교차로,1,0
202009,2129. 낙성대 과학전시관,1,0
202009,214. 금융감독원 앞,1,1
202009,215. 여의도고교 앞,4,2
202009,2164. 관악우체국,0,1
202009,2169. 봉천역 2번출구,1,2
202009,2171. 서울대입구역 5번출구,1,0
202009,2173. 당곡사거리,0,1
202009,2174. 삼성디지털프라자관악점,2,1
202009,2175. 신림동걷고싶은문화의거리입구,1,0
202009,2177. 신대방역 2번 출구,1,1
202009,2178. 서울대학교 정문,1,0
202009,2179. 양녕로 입구,1,2
202009,2195.은천교회,1,0
202009,220. 미성아파트 A동 앞,2,0
202009,221. 여의도초교 앞,5,9
202009,2213. 고속터미널역 5번출구 앞,3,0
202009,2214. 신반포역 2번출구 앞,7,3
202009,2215. 반포종합운동장 입구,0,2
202009,2217.아크로리버뷰 부지 앞,7,5
202009,"2219. 고속터미널역 8-1번, 8-2번 출구 사이",9,13
202009,2220. 반포본동 주민센터 앞,1,2
202009,2221.하나은행 방배동지점 앞,1,1
202009,2222.사당역 12번출구 뒤,1,0
202009,2231. 삼성타운(삼성생명) A동 맞은편,3,2
202009,2247.섬들근린공원,4,0
202009,2248. 서초리슈빌S 글로벌 앞,2,0
202009,225. 앙카라공원 앞,0,1
202009,226. 샛강역 1번출구 앞,2,4
202009,2262. 한신16차아파트 119동 앞,1,0
202009,2264. 이수역 1번출구,1,0
202009,2268. 서초4동주민센터 ,1,0
202009,227. 양평2나들목 보행통로 입구,1,1
202009,2273. 일동제약 사거리,1,0
202009,2276. 영동1교 (양재천근린공원),4,2
202009,2277. 길마중4교 하부,0,1
202009,2279. 교대역 5번출구뒤,2,0
202009,228. 선유도역 3번출구 앞,1,0
202009,2280. 서울서초고용센터앞,1,0
202009,2301. 현대고등학교 건너편,7,8
202009,2302. 교보타워 버스정류장(신논현역 3번출구 후면),1,1
202009,2305. MCM 본사 직영점 앞,0,1
202009,2307. 압구정 한양 3차 아파트,6,8
202009,2315. 봉은사역 5번출구 옆,1,9
202009,2316. 삼성역 8번출구,2,2
202009,2317. 삼성도로공원,1,1
202009,2319. 포스코사거리 서측(수협 삼성동 지점),1,0
202009,232. 양평우림 이비즈센타 앞,3,5
202009,2320. 도곡역 대치지구대 방향,1,0
202009,2322. 삼성역 3번 출구,2,0
202009,2325. 대치동 버거킹대치점,0,1
202009,2326. 대치동 삼성로,0,1
202009,2327. 뱅뱅사거리 랜드마크타워 앞,1,1
202009,2328. 르네상스 호텔 사거리 역삼지하보도 7번출구 앞,1,4
202009,2329. 르네상스호텔사거리 역삼지하보도 2번출구,0,1
202009,2340. 삼호물산버스정류장(23370) 옆,1,0
202009,2341. 일원역 4~5번 출구 사이,1,0
202009,2342. 대청역 1번출구  뒤,2,0
202009,2348. 포스코사거리(기업은행),1,0
202009,2355. 삼성역 5~6번 출구 사이,0,1
202009,2360. 도곡1동 주민센터 교차로,0,1
202009,2361. 압구정역 교차로,0,1
202009,2362. 신사동 가로수길 입구,2,1
202009,2363. 강남 을지병원 교차로,0,1
202009,2364. 도산대로 렉서스 앞,1,0
202009,2377. 수서역 5번출구 뒤,3,3
202009,238. 제2구민체육센타 앞,0,1
202009,2381. 언주역 6번출구앞,1,0
202009,2386. 논현동 279-165,0,1
202009,239. 유스호스텔 앞,1,0
202009,2405. 청담공원앞 교차로,1,0
202009,2409. 역삼동 디오슈페리움 (우성아파트 사거리),2,0
202009,243. 이앤씨드림타워 앞,3,2
202009,247. 당산역 10번출구 앞,2,0
202009,248. 초원아파트 앞,7,5
202009,249. 여의도중학교 옆,3,6
202009,2504. 신사역 4번출구 뒤,1,1
202009,2505. 우성아파트사거리 (기업은행앞),6,18
202009,2508. 양재이스타빌 앞,1,2
202009,2509. KT반포지사,0,1
202009,2511. 이수역 6번출구 앞,0,2
202009,2515.서초초등학교 후문,2,2
202009,2524.반포쇼핑타운 8동 앞,2,0
202009,2525.반포쇼핑타운 2동 앞,1,3
202009,2535.신반포역 3번출구 뒤,0,1
202009,2542.신논현타워 앞,2,2
202009,256. 동아에코빌입구,3,1
202009,259. 대방역6번출구,1,3
202009,260. 여의도 마리나선착장 앞,3,4
202009,2608. 송파구청,2,0
202009,2613. 잠실나들목,1,4
202009,2617. 가락삼환아파트 앞,1,0
202009,2620. 송파나루역 4번 출구옆,1,0
202009,2621. 한성백제역 2번 출구,4,6
202009,2622. 올림픽공원역 3번출구,2,3
202009,2637.잠실월드 메르디앙,2,3
202009,2645.잠실나들목2(엘스아파트136동),4,5
202009,2646.레이클펠리스101동앞,0,1
202009,2647.잠실 자전거 수리센터 앞,2,0
202009,2656.풍납동 아이파크 107동 앞,0,2
202009,266. 영등포청과시장 사거리,0,2
202009,2701. 마곡나루역 5번출구 뒤편,4,3
202009,2704.홈플러스(강서점),1,1
202009,2706.강서공업고등학교 앞,1,0
202009,2715.마곡나루역 2번 출구 ,0,3
202009,272. 당산육갑문,6,7
202009,2721.등촌1-10단지 교차로,1,0
202009,2722.마곡 문영비지웍스,1,0
202009,2728.마곡나루역 3번 출구,3,0
202009,274. 영등포역지하쇼핑센타 5번출구,0,1
202009,275. 신동아아파트,0,1
202009,276. SK 영등포주유소,2,2
202009,278. 쌍용플레티넘오피스텔,3,2
202009,287. 영등포전화국사거리 (서강어린이공원),3,2
202009,289. 대림3동사거리,1,0
202009,291. 문래동 하이테크 시티,0,1
202009,300. 정동사거리,0,1
202009,3009.서교동사거리(신),1,1
202009,3010.홍대입구역 3번출구,2,0
202009,302. 경복궁역 4번출구 뒤,0,1
202009,304. 광화문역 2번출구 앞,1,0
202009,305. 종로구청 옆,1,0
202009,3100. 북성초교,1,0
202009,3101. 서대문구청,4,0
202009,3103. 홍제삼거리 북측,1,0
202009,3107. 연희초등학교 앞,2,4
202009,311. 서울광장 옆,4,3
202009,3117.이화여대 인문관 인근,1,1
202009,3120.DMC엘가아파트 앞,1,1
202009,314. 국립현대미술관,1,1
202009,316. 종각역 1번출구 앞,2,0
202009,318. 광교사거리 남측,0,1
202009,321. KEB 하나금융그룹 명동사옥 옆,1,1
202009,324. 신세계백화점 본점 앞,4,4
202009,326. 안국역 5번출구 앞,0,1
202009,327. 낙원상가 옆,1,1
202009,329. 청계2가 사거리 옆,2,0
202009,3405.파크팰리스,0,1
202009,3406.세종로공원,0,1
202009,3408.종로타워빌딩,0,1
202009,3416.동묘앞역 6번출구,0,1
202009,3422.성균관대 정문,1,2
202009,347. 동대문역사문화공원역 9번출구 앞,0,1
202009,348. 독립문역 사거리,1,1
202009,349. 사직동주민센터,1,0
202009,3500. 군자역2번출구,1,0
202009,3502. 중곡역 1번출구,0,3
202009,3507. 어린이회관,1,0
202009,3509. 세종사이버대학교,1,1
202009,3511. 응봉역 1번출구,3,3
202009,3513. 상왕십리역 1번출구,1,1
202009,3515. 서울숲 관리사무소,3,7
202009,3516. 구의아리수정수센터앞,1,0
202009,3517. 용마사거리,1,3
202009,3528. 광진정보도서관,1,1
202009,3529. 어린이대공원정문,1,0
202009,353. 재동초교 앞 삼거리,1,1
202009,3530. 왕십리자이아파트 후문(삼거리),1,0
202009,3533. 건대입구역 사거리(롯데백화점),1,6
202009,3535. 중곡사거리(국민은행),4,1
202009,354. 포르투갈 대사관 앞,0,1
202009,3541. 커먼그라운드,4,8
202009,3542. 래미안 구의파크 스위트,5,4
202009,3545.한양대역 1번출구,1,0
202009,3548.뚝섬역 6번출구,1,1
202009,3552.서울숲 공영주차장앞,2,2
202009,3559.성동구민종합체육센터 앞,1,1
202009,3561.행당동 삼부APT후문,0,1
202009,3569.건대병원후문,1,0
202009,358. 성대입구 사거리,0,5
202009,359. 원남동사거리,1,1
202009,3600.사근빗물펌프장 건너편,1,1
202009,368. SK 서린빌딩 앞,0,1
202009,369. 광화문 시민열린마당,2,0
202009,370. 시청역(2호선) 9번출구 뒤,0,2
202009,374. 청구역 2번출구 앞,0,2
202009,375. 다산 어린이공원,2,0
202009,378. 청계7가 사거리,2,1
202009,379. 서울역9번출구,0,3
202009,383. 신당역 12번 출구 뒤,1,1
202009,384. 종로학원본원 ,2,0
202009,388. 동성중학교 앞,1,1
202009,390. 충무로역 1번출구,0,1
202009,391. 정동길입구,1,1
202009,395. 경희궁 자이 2단지,2,1
202009,399. 서울역 센트럴 자이아파트,1,1
202009,405. DMC빌 앞,2,2
202009,409. 누리꿈스퀘어 옆,2,2
202009,417. DMC역 2번출구 옆,1,0
202009,418. 월드컵경기장역 3번출구 옆,0,2
202009,419. 홈플러스 앞,4,7
202009,420. 서울시 공공자전거 상암센터,3,0
202009,421. 마포구청 앞,1,1
202009,431. 청계천 영도교,3,2
202009,433. 을지로입구역 2번출구,3,4
202009,436. 이대역 5번출구,0,1
202009,438. 성산2-1 공영주차장,0,1
202009,439. 마포어린이공원,1,3
202009,442.서울역 서부,0,1
202009,443.호암아트홀,3,1
202009,445.대한상공회의소,1,0
202009,446. 상명대입구,2,1
202009,457. 종로꽃시장 입구 옆,0,1
202009,458. 광화문역 5번출구,2,2
202009,461. 서울지방경찰청,1,0
202009,464. 삼청동 골목,1,1
202009,466.롯데호텔,2,1
202009,476.광희문,1,0
202009,486. 평창동주민센터 앞,1,1
202009,487.신석초교앞 교차로 교통섬,1,0
202009,490.가온문화공원,0,1
202009,495.염리초등학교 앞,0,1
202009,498.연남동주민센터 앞,0,1
202009,502. 뚝섬유원지역 1번출구 앞,20,16
202009,507. 성수아이에스비즈타워 앞,0,3
202009,508. 성수아카데미타워 앞,0,1
202009,509. 이마트 버스정류소 옆,1,2
202009,510. 서울숲 남문 버스정류소 옆,8,4
202009,511. 서울숲역 4번 출구 옆,3,2
202009,512. 뚝섬역 1번 출구 옆,1,2
202009,513. 뚝섬역 5번 출구 정류소 옆,1,1
202009,519. 양지사거리,0,1
202009,521. 왕십리역 11번 출구 앞,1,2
202009,525. 한양대병원사거리,1,1
202009,526. 용답토속공원 앞,1,1
202009,529. 장한평역 8번 출구 앞,1,0
202009,537. 한양대후문역 부근,1,2
202009,542. 강변역 4번출구 뒤,3,1
202009,549. 아차산역 3번출구,0,3
202009,551. 구의삼성쉐르빌 앞,4,1
202009,553. 중곡 성원APT 앞,0,3
202009,556. 달맞이공원,0,1
202009,560. 비전교회 앞,0,2
202009,561. 서울숲역 2번출구 앞,0,2
202009,565. 옥수역 3번출구,10,8
202009,574. 아차산역4번출구,5,1
202009,575. 중앙농협 중곡지점,1,1
202009,576. 광나루역 3번 출구,1,0
202009,577. 광진청소년수련관,1,1
202009,578. 성동세무서 부근,1,0
202009,583. 청계천 생태교실 앞,1,4
202009,585. 성수2가1동 공영주차장 인근,1,2
202009,588. 뚝섬 유원지역,1,0
202009,589. 성수역3번출구,1,0
202009,592. 건국대학교 학생회관,7,5
202009,602. 장안동 사거리,7,1
202009,609. 제기2교,3,0
202009,612. 시립동부병원 앞 사거리,1,0
202009,614. 용두동 사거리,1,0
202009,615. 용두동 래미안허브리츠아파트 앞,1,0
202009,617. 청솔우성아파트 앞,1,0
202009,623. 서울시립대 정문 앞,0,1
202009,624. 전농동 동아아파트 앞,3,4
202009,626. 군자교 서측 녹지대,1,0
202009,627. 장안동삼거리 교통섬,0,1
202009,630. 동대문구 보건소,1,0
202009,631. 답십리역 1번출구,1,0
202009,633. 청량리 기업은행 앞,0,2
202009,634. 외국어대 정문 앞,1,1
202009,635. 시조사 앞 (청량고정문 옆),2,2
202009,637. KAIST 경영대학 앞,1,1
202009,641. 용두역 4번출구,1,1
202009,646. 장한평역 1번출구 (국민은행앞),0,2
202009,648. 장안동위더스빌옆,1,0
202009,650. 중랑교사거리,3,4
202009,657. 동대문롯데캐슬아파트 앞,1,0
202009,659. 제기역1번출구,0,3
202009,660. 동의보감타워,1,1
202009,661. 경희대학교 청운관,1,0
202009,667.청량차도 육교 밑,1,0
202009,670.삼육서울병원 버스정류장,1,0
202009,674.고대앞사거리 교통섬,1,3
202009,675.성복교회 앞 (장평교 아래),1,1
202009,703. 오목교역 7번출구 앞,1,0
202009,723. SBS방송국,1,0
202009,746. 목동2단지 상가,0,1
202009,762. 오목로 무중력지대 앞,1,0
202009,765. 오목교역 3번출구,1,0
202009,766. 신목동역 3번출구,0,3
202009,800. 목월공원 앞,2,2
202009,802. 한강진역 2번 출구 앞,1,0
202009,803. 한남초교 앞 보도육교,1,1
202009,805. 문배어린이공원 앞,2,3
202009,807. 서울역 12번 출구 앞,3,1
202009,808. 서빙고동 금호맨션 앞,2,2
202009,809. 한남 유수지 복개주차장,10,6
202009,810. 이태원지하보도,2,1
202009,811. 녹사평역1번출구,2,2
202009,812. 용산전쟁기념관,2,0
202009,813. 삼각지역 3번출구,1,0
202009,815. LIG강촌아파트 103동앞,3,2
202009,816. 신용산역 6번출구 앞,9,5
202009,817. 삼각지역 4번출구 앞,1,1
202009,818. 숙명여대 입구 교차로,1,4
202009,819. 선린인터넷 고등학교,1,0
202009,820. 청파동입구 교차로,4,5
202009,825. 서빙고동 주민센터 앞,13,11
202009,826. 서울역 서부교차로2,1,2
202009,828. 숙대입구역 8번,1,0
202009,829. 베르가모앞,6,4
202009,830. 청암자이아파트앞,0,2
202009,831. 이태원관광특구입구,2,1
202009,832. 이촌1동 주민센터 뒤,5,3
202009,834. 효창공원앞역 3번출구 뒤,0,2
202009,835. 남영역 건너편,1,1
202009,836. 현대자동차서비스 앞,1,1
202009,837. 한남나들목 입구,12,10
202009,838. 숙대입구역 4번출구,0,1
202009,839. 보광동 삼성리버빌아파트 앞,4,2
202009,840. 용산 파크타워 앞,4,12
202009,841. 신용산역 1번 출구,0,1
202009,843. 녹사평역 광장,8,11
202009,845. 용산 선인상가,2,0
202009,846. 용산중학교,0,2
202009,848. 삼각지12번 출구,0,2
202009,849. 삼각지 자이아파트,1,2
202009,852.청암자이APT(103동),1,0
202009,853.용산역 맞은편,0,2
202009,854.HID 유족동지회 앞,0,2
202009,857. 현대 안성타워,1,1
202009,858.녹사평역3번 출구,0,1
202009,860.LG한강 자이아파트 앞,0,2
202009,863.이촌역2번 출구,1,0
202009,870.노들섬 서측 앞,1,0
202009,904. 은평뉴타운 푸르지오,1,0
202009,905. 구파발역 2번출구,1,1
202009,906. 연신내역 5번출구150M 아래,0,1
202009,907. CJ 드림시티,4,0
202009,915. 증산역 4번출구,1,1
202009,934. 신사동 성당,1,0
202009,947. 연신내 선일하이츠빌 정류소,1,1
202009,950. 구산역 2번 출구 ,0,1
202009,961. 불광역 9번 출구,0,1
202009,967. 서울혁신파크2,1,0
202009,978.녹번 힐스테이트상가앞,1,0
202010,101. (구)합정동 주민센터,1,0
202010,102. 망원역 1번출구 앞,1,0
202010,1022. 길동 사거리(초소앞),1,1
202010,103. 망원역 2번출구 앞,1,1
202010,1030. 미호 플랜트 앞,4,4
202010,104. 합정역 1번출구 앞,4,3
202010,105. 합정역 5번출구 앞,5,7
202010,106. 합정역 7번출구 앞,6,12
202010,108. 서교동 사거리,2,2
202010,1084. 윤선생빌딩(JYP사옥),1,1
202010,109. 제일빌딩 앞,1,1
202010,111. 상수역 2번출구 앞,3,1
202010,112. 극동방송국 앞,2,5
202010,1122. 황금내근린공원,1,1
202010,114. 홍대입구역 8번출구 앞,8,8
202010,1141. 곰달래 문화복지센터 1-1,0,1
202010,1145. 곰달래 문화복지센터 1-2,1,0
202010,1149. 신방화역환승주차장,0,1
202010,115. 마스타 빌딩 앞,3,3
202010,1158. 가양역 8번출구,0,1
202010,116. 일진아이윌아파트 옆,6,6
202010,1160. 양천향교역 7번출구앞,0,1
202010,1167. 마곡수명산파크3단지 교차로,0,1
202010,117. 홍은사거리,1,0
202010,118. 광흥창역 2번출구 앞,2,0
202010,119. 서강나루 공원,4,4
202010,1192. 마곡수명산파크 209동 건너편,1,0
202010,1196. 서울식물원(문화센터) 건너편,2,0
202010,1209. 잠실나루역 (2번 출구 쪽),1,2
202010,1210. 롯데월드타워(잠실역2번출구 쪽),6,8
202010,1211. 방이삼거리,0,3
202010,1220. 잠실본동주민센터뒤 잠실근린공원,2,0
202010,1221. 삼전사거리 포스코더샵,1,0
202010,1222. 잠실새내역 5번 출구 뒤,5,3
202010,1224. 아시아지하보도 2번 출구,0,1
202010,123. 문화촌 공원,1,1
202010,1231. 잠실역 6번출구,0,3
202010,1232. 롯데마트 주차장 옆,3,0
202010,124. 서강대 정문 건너편,3,1
202010,1251. 석촌역 2번출구,1,1
202010,126. 서강대 후문 옆,0,2
202010,1264. 천호역 10번 출구 앞,0,4
202010,1267. 올림픽공원 남2문 앞,1,2
202010,1268. 몽촌토성역 1번출구 옆,4,1
202010,1271. 송파도서관,0,1
202010,1278. 송파구청 교차로,0,2
202010,128. 신촌역(2호선) 1번출구 옆,2,3
202010,1286. 위례중앙푸르지오 1단지 앞,0,1
202010,1289. 풍납동 자전거보관소,1,0
202010,1291. 서울체육고등학교 앞,1,1
202010,1295. 잠실역 8번출구,3,4
202010,130. 신촌역(2호선) 7번출구 앞,2,1
202010,1306. 한성대입구역2번출구,1,0
202010,1308. 안암로터리 버스정류장 앞,0,2
202010,1320. LG베스트샵 종암점,2,2
202010,1321. 국민은행 종암동지점 앞,0,2
202010,1328. 월곡역 3번출구,0,1
202010,1337. 돈암성당 옆,1,1
202010,134. 연세로 명물길,2,0
202010,1354. 고려대학교 2번출구,1,0
202010,1355. 보문2교,2,0
202010,136. 대흥동 주민센터,1,0
202010,1363. 보문4교 인근,1,1
202010,1369. 미아사거리,1,1
202010,137. NH농협 신촌지점 앞,2,1
202010,1372. KEB은행 고대점,4,0
202010,1380.월곡역 5번출구 앞,0,1
202010,139. 연세대 정문 건너편,1,0
202010,140. 이화여대 후문,2,2
202010,1402. 금란주차장 앞,0,1
202010,1403. 중화빌딩 앞 (동부시장),0,1
202010,1405. 망우역 1번출구,0,1
202010,141. 연대 대운동장 옆,0,1
202010,142. 아현역 4번출구 앞,1,0
202010,1426. 면목도시개발아파트 1동 앞,1,1
202010,143. 공덕역 2번출구,1,1
202010,144. 공덕역 8번출구,3,0
202010,146. 마포역 2번출구 뒤,2,0
202010,147. 마포역 4번출구 뒤,0,3
202010,150. 서강대역 2번출구 앞,1,4
202010,"1501. 미아역 3번,4번 출구 사이",0,1
202010,151. 망원1동주민센터,4,4
202010,152. 마포구민체육센터 앞,8,6
202010,153. 성산2교 사거리,1,0
202010,1534. 북서울 꿈의 숲 동문,1,0
202010,1537. 북한산 우이역,2,2
202010,154. 마포구청역 ,3,0
202010,1547. 꿈의숲 롯데캐슬,0,1
202010,155. 가좌역1 번출구 뒤,3,3
202010,157. 애오개역 4번출구 앞,0,1
202010,158. 독립문 어린이 공원,0,1
202010,159. 이대역 4번 출구,1,2
202010,160. 북아현동 가구거리,0,1
202010,1605. 헬스케어,0,1
202010,1608. 공릉역 1번 출구 앞,1,0
202010,1610. 화랑대역 2번출구 앞,1,0
202010,1641. 한내근린공원 남측,1,0
202010,1643. 태릉입구역 8번출구,2,1
202010,1650. 중계근린공원내,0,1
202010,1663. 동해문화예술관앞,2,2
202010,170. 가재울 뉴타운 주유소 옆,0,1
202010,175. 홍연2교옆,0,1
202010,181. 망원초록길 입구,2,2
202010,182. 망원2빗물펌프장 앞,3,7
202010,1827. 독산보도육교 앞 자전거 보관소,0,1
202010,1829. 홈플러스 금천점 앞,3,0
202010,183. 하늘채코오롱아파트 건너편,5,5
202010,1834. 월드메르디앙 벤처센터 2차,1,0
202010,185. 마포 신수공원 앞,2,0
202010,186. 월드컵공원,4,0
202010,188. 홍은동 정원여중 입구,1,5
202010,1906. 신도림역 1번 출구 앞,2,2
202010,1911. 구로디지털단지역 앞,0,2
202010,1912. 한신휴아파트 앞,0,1
202010,1914. 대림역4번출구,0,1
202010,1925. 동양미래대학교 정문 옆,0,1
202010,1955. 디지털입구 교차로,1,0
202010,1985. 구로도서관,1,0
202010,2002. 노들역 1번출구,2,1
202010,201. 진미파라곤 앞,1,1
202010,202. 국민일보 앞,3,0
202010,2025. 흑석역 1번출구,1,6
202010,2026. 흑석역 4번출구,0,1
202010,2027. 중앙대학교 정문,3,0
202010,203. 국회의사당역 3번출구 옆,1,3
202010,2034. 사당역 7번출구쪽,1,1
202010,2036. 정금마을 마을버스정류장,1,0
202010,2037. 동작역 5번출구 동작주차공원,3,1
202010,205. 산업은행 앞,5,0
202010,2050. 노량진역 5번출구,2,0
202010,2058. 노량진동 맥도널드앞,1,1
202010,206. KBS 앞,1,2
202010,2063. 대방역 4번출구,2,0
202010,2064. 흑석한강푸르지오 106동앞,2,3
202010,2069. 숭실대 입구역3번 출구 앞,0,2
202010,207. 여의나루역 1번출구 앞,23,24
202010,2070. 노량진역 2번 출구 앞,2,0
202010,210. IFC몰,1,2
202010,2107. 도림천 신화교,1,0
202010,211. 여의도역 4번출구 옆,1,2
202010,2112. 서울대입구역 마에스트로,1,0
202010,2128. 관악구청교차로,1,1
202010,213. KT앞,1,0
202010,215. 여의도고교 앞,3,3
202010,2185. 대학동 고시촌,0,2
202010,221. 여의도초교 앞,2,2
202010,2210. 반포1동 주민센터 앞,2,2
202010,2212.서초현대4차아파트 201동 맞은편,1,0
202010,2213. 고속터미널역 5번출구 앞,4,2
202010,2214. 신반포역 2번출구 앞,0,2
202010,2217.아크로리버뷰 부지 앞,4,5
202010,"2219. 고속터미널역 8-1번, 8-2번 출구 사이",8,9
202010,222. 시범아파트버스정류장 옆,2,1
202010,2220. 반포본동 주민센터 앞,0,1
202010,2231. 삼성타운(삼성생명) A동 맞은편,0,1
202010,2233. 서초신동아1차아파트 옆,1,0
202010,2247.섬들근린공원,4,0
202010,225. 앙카라공원 앞,0,2
202010,2256.양재동 꽃시장 입구,2,0
202010,2262. 한신16차아파트 119동 앞,4,3
202010,2264. 이수역 1번출구,1,0
202010,227. 양평2나들목 보행통로 입구,3,1
202010,2276. 영동1교 (양재천근린공원),2,2
202010,228. 선유도역 3번출구 앞,0,1
202010,2292. 무지개아파트 앞,2,0
202010,2298. 래미안서초스위트앞,1,0
202010,2301. 현대고등학교 건너편,2,6
202010,2302. 교보타워 버스정류장(신논현역 3번출구 후면),4,2
202010,2303. 논현역 7번출구,1,1
202010,2306. 압구정역 2번 출구 옆,0,1
202010,2307. 압구정 한양 3차 아파트,1,0
202010,2314. 청담나들목입구,3,3
202010,2315. 봉은사역 5번출구 옆,0,4
202010,2316. 삼성역 8번출구,0,1
202010,2322. 삼성역 3번 출구,0,1
202010,233. YP 센터 앞,2,0
202010,2349. 역삼빌딩 앞(하나은행 옆),1,1
202010,2355. 삼성역 5~6번 출구 사이,2,0
202010,236. 문래동자이아파트 앞,1,0
202010,2360. 도곡1동 주민센터 교차로,1,0
202010,2362. 신사동 가로수길 입구,0,1
202010,2365. K+ 타워 앞,1,0
202010,2370. 한티역 3번출구,1,0
202010,2386. 논현동 279-165,0,1
202010,2396. 영동3교 북단(우성캐릭터 앞 보도),0,1
202010,2405. 청담공원앞 교차로,1,0
202010,2407. 역삼.서초.삼성 세무서 앞 (역삼빌딩 앞),0,1
202010,2409. 역삼동 디오슈페리움 (우성아파트 사거리),1,0
202010,2414. 도곡역 아카데미스위트 앞,0,1
202010,2429.압구정로데오역 6번출구,1,0
202010,243. 이앤씨드림타워 앞,0,2
202010,244. 영등포삼환아파트 앞,1,1
202010,247. 당산역 10번출구 앞,3,2
202010,248. 초원아파트 앞,5,3
202010,249. 여의도중학교 옆,2,4
202010,2503. 반포1동 서초빌딩 앞,1,1
202010,2504. 신사역 4번출구 뒤,1,1
202010,2505. 우성아파트사거리 (기업은행앞),4,13
202010,2517.서초3교(효령로69길 방면),2,0
202010,2524.반포쇼핑타운 8동 앞,0,1
202010,2525.반포쇼핑타운 2동 앞,1,3
202010,2526.반포경남쇼핑 앞,1,0
202010,2535.신반포역 3번출구 뒤,1,0
202010,2542.신논현타워 앞,2,3
202010,259. 대방역6번출구,1,0
202010,260. 여의도 마리나선착장 앞,5,0
202010,2613. 잠실나들목,2,2
202010,2618. 삼전역 1번출구,1,0
202010,2620. 송파나루역 4번 출구옆,1,0
202010,2621. 한성백제역 2번 출구,3,2
202010,2622. 올림픽공원역 3번출구,3,4
202010,2639.석촌역 8번출구,0,1
202010,2641.송파역 4번출구,0,1
202010,2643.풍납중학교 측면,1,0
202010,2645.잠실나들목2(엘스아파트136동),0,1
202010,2646.레이클펠리스101동앞,0,2
202010,2651.경찰병원역 3번출구 앞,1,0
202010,2653.올림픽공원사거리(선수촌아파트),1,0
202010,2656.풍납동 아이파크 107동 앞,0,1
202010,267. 삼성화재 사옥 옆,1,0
202010,2701. 마곡나루역 5번출구 뒤편,1,1
202010,2715.마곡나루역 2번 출구 ,1,0
202010,272. 당산육갑문,10,17
202010,278. 쌍용플레티넘오피스텔,1,1
202010,282. 신한은행,1,0
202010,286. 우성아파트 교차로,1,0
202010,291. 문래동 하이테크 시티,0,1
202010,297.국회3문,1,0
202010,3009.서교동사거리(신),3,1
202010,301. 경복궁역 7번출구 앞,2,0
202010,3010.홍대입구역 3번출구,5,4
202010,3011.경의선(노고산동),0,2
202010,302. 경복궁역 4번출구 뒤,1,0
202010,304. 광화문역 2번출구 앞,1,0
202010,308. 광화문 S타워 앞,1,0
202010,310. 청계광장 옆,1,0
202010,3100. 북성초교,1,2
202010,3101. 서대문구청,0,2
202010,3102. 연희삼거리,1,1
202010,3103. 홍제삼거리 북측,1,0
202010,3105. 홍은센트레빌 아파트 앞,1,0
202010,3107. 연희초등학교 앞,1,1
202010,311. 서울광장 옆,4,2
202010,3116.신촌역 4번출구,1,0
202010,314. 국립현대미술관,0,2
202010,316. 종각역 1번출구 앞,1,1
202010,318. 광교사거리 남측,4,0
202010,324. 신세계백화점 본점 앞,3,3
202010,326. 안국역 5번출구 앞,1,0
202010,327. 낙원상가 옆,1,0
202010,329. 청계2가 사거리 옆,1,0
202010,334. 종로3가역 2번출구 뒤,1,0
202010,336. 티마크 호텔 앞,0,1
202010,340. 혜화동 로터리,1,1
202010,3407.안국동사거리(신),0,2
202010,3408.종로타워빌딩,0,1
202010,341. 혜화역 3번출구 뒤,0,2
202010,3410.종로3가역 8번출구,0,1
202010,3415.동대문역6번출구,1,2
202010,3423.현대그룹(본사),1,0
202010,346. 맥스타일 앞,1,0
202010,347. 동대문역사문화공원역 9번출구 앞,2,2
202010,3502. 중곡역 1번출구,2,4
202010,3505. 신양초교앞 교차로,2,1
202010,3506. 영동대교 북단,1,1
202010,3507. 어린이회관,1,0
202010,3508. 화양사거리,1,0
202010,3510. 중곡SK아파트앞,7,2
202010,3511. 응봉역 1번출구,2,3
202010,3513. 상왕십리역 1번출구,1,1
202010,3515. 서울숲 관리사무소,4,2
202010,3516. 구의아리수정수센터앞,0,1
202010,352. 중앙고입구 삼거리,0,1
202010,3529. 어린이대공원정문,1,0
202010,3533. 건대입구역 사거리(롯데백화점),10,7
202010,3534. 건대입구역 5번출구 뒤,3,4
202010,3535. 중곡사거리(국민은행),2,0
202010,3541. 커먼그라운드,7,5
202010,3544.한양대역 3번 출구,3,1
202010,3559.성동구민종합체육센터 앞,1,2
202010,3569.건대병원후문,1,1
202010,3571.화양 APT(횡단보도 옆),0,1
202010,3578.중곡동 파크웨이빌딩,1,0
202010,358. 성대입구 사거리,0,2
202010,3581.광진광장,1,0
202010,3582.화양동 우체국,0,5
202010,359. 원남동사거리,1,0
202010,3600.사근빗물펌프장 건너편,6,2
202010,362. 청계8가 사거리,0,1
202010,367. 독립문역 3-1번출구 ,0,1
202010,369. 광화문 시민열린마당,3,2
202010,370. 시청역(2호선) 9번출구 뒤,4,1
202010,371. 동대입구역 6번출구 뒤,1,0
202010,378. 청계7가 사거리,1,3
202010,379. 서울역9번출구,2,0
202010,380. CJ제일제당 앞,1,1
202010,383. 신당역 12번 출구 뒤,0,1
202010,387. 훈련원공원주차장 앞,1,0
202010,388. 동성중학교 앞,0,1
202010,391. 정동길입구,2,1
202010,393. 동대문역 8번 출구,1,0
202010,399. 서울역 센트럴 자이아파트,0,1
202010,409. 누리꿈스퀘어 옆,0,1
202010,417. DMC역 2번출구 옆,0,1
202010,418. 월드컵경기장역 3번출구 옆,0,1
202010,419. 홈플러스 앞,1,2
202010,420. 서울시 공공자전거 상암센터,2,1
202010,421. 마포구청 앞,0,1
202010,422. 문화비축기지,1,0
202010,433. 을지로입구역 2번출구,0,1
202010,436. 이대역 5번출구,0,2
202010,439. 마포어린이공원,0,2
202010,443.호암아트홀,1,1
202010,445.대한상공회의소,1,0
202010,454. 종로2가 버스정류장 (종각방향),0,2
202010,455. 삼익한의원,0,1
202010,458. 광화문역 5번출구,1,1
202010,461. 서울지방경찰청,1,0
202010,464. 삼청동 골목,1,1
202010,474.동대문역사문화공원역 1번출구 뒤편,2,0
202010,475.DDP 패션몰,0,1
202010,476.광희문,0,6
202010,480.약수역 6번 출구,0,1
202010,484.도동삼거리,1,0
202010,492.성산시영아파트 후문,1,1
202010,493.홍대입구역 6번출구,0,1
202010,495.염리초등학교 앞,1,0
202010,498.연남동주민센터 앞,1,2
202010,500. 어린이대공원역 3번출구 앞,0,1
202010,501. 광진구의회 앞,1,0
202010,502. 뚝섬유원지역 1번출구 앞,14,16
202010,505. 자양사거리 광진아크로텔 앞,1,1
202010,506. 금호 어울림 아파트 앞,1,0
202010,507. 성수아이에스비즈타워 앞,0,1
202010,510. 서울숲 남문 버스정류소 옆,0,5
202010,512. 뚝섬역 1번 출구 옆,0,3
202010,514. 성수사거리 버스정류장 앞,2,1
202010,518. 청계천 박물관 앞,2,1
202010,523. 옥수동성당 옆,0,1
202010,525. 한양대병원사거리,4,3
202010,537. 한양대후문역 부근,1,2
202010,540. 군자역 7번출구 베스트샵 앞,1,1
202010,543. 구의공원(테크노마트 앞),0,1
202010,548. 자양나들목,0,2
202010,549. 아차산역 3번출구,2,3
202010,551. 구의삼성쉐르빌 앞,2,0
202010,556. 달맞이공원,2,2
202010,559. 왕십리역 4번 출구 건너편,2,0
202010,565. 옥수역 3번출구,9,6
202010,567. 성수역 2번출구 앞,1,1
202010,568. 청계8가사거리 부근,1,0
202010,569. 응봉현대아파트 정류소,1,1
202010,574. 아차산역4번출구,2,0
202010,576. 광나루역 3번 출구,1,1
202010,577. 광진청소년수련관,0,1
202010,578. 성동세무서 부근,0,1
202010,581. 용답초등학교,0,1
202010,583. 청계천 생태교실 앞,2,0
202010,584. 광진광장 교통섬,1,1
202010,587. 유니베라 앞,1,0
202010,589. 성수역3번출구,3,7
202010,590. 건국대학교 (입학정보관),1,0
202010,591. 건국대학교 (행정관),3,2
202010,592. 건국대학교 학생회관,7,8
202010,605. 신설동역8번출구,0,1
202010,609. 제기2교,1,1
202010,614. 용두동 사거리,1,2
202010,622. 전농사거리 교통섬,1,1
202010,623. 서울시립대 정문 앞,1,1
202010,624. 전농동 동아아파트 앞,0,1
202010,631. 답십리역 1번출구,2,0
202010,634. 외국어대 정문 앞,2,0
202010,638. 서울시립대 정보기술관,0,2
202010,639. 서울시립대 후문,1,1
202010,646. 장한평역 1번출구 (국민은행앞),2,2
202010,648. 장안동위더스빌옆,1,1
202010,657. 동대문롯데캐슬아파트 앞,1,1
202010,659. 제기역1번출구,1,0
202010,674.고대앞사거리 교통섬,1,0
202010,703. 오목교역 7번출구 앞,0,1
202010,708. 서울출입국관리사무소 앞,1,1
202010,758. 한사랑교회 앞,1,1
202010,762. 오목로 무중력지대 앞,3,1
202010,770.목동역5번출구 교통정보센터 앞,1,1
202010,780.신정교 하부,1,0
202010,806. 전자랜드 본관 앞,1,0
202010,807. 서울역 12번 출구 앞,9,5
202010,808. 서빙고동 금호맨션 앞,2,2
202010,809. 한남 유수지 복개주차장,1,0
202010,810. 이태원지하보도,5,8
202010,811. 녹사평역1번출구,1,0
202010,812. 용산전쟁기념관,1,0
202010,813. 삼각지역 3번출구,7,1
202010,815. LIG강촌아파트 103동앞,0,2
202010,816. 신용산역 6번출구 앞,6,4
202010,817. 삼각지역 4번출구 앞,1,1
202010,818. 숙명여대 입구 교차로,0,1
202010,822. 이촌1동 마을공원,0,1
202010,825. 서빙고동 주민센터 앞,10,8
202010,826. 서울역 서부교차로2,0,2
202010,828. 숙대입구역 8번,1,0
202010,829. 베르가모앞,7,8
202010,831. 이태원관광특구입구,1,3
202010,832. 이촌1동 주민센터 뒤,0,2
202010,834. 효창공원앞역 3번출구 뒤,1,1
202010,835. 남영역 건너편,1,0
202010,836. 현대자동차서비스 앞,1,2
202010,837. 한남나들목 입구,4,3
202010,838. 숙대입구역 4번출구,4,0
202010,839. 보광동 삼성리버빌아파트 앞,3,3
202010,840. 용산 파크타워 앞,0,1
202010,841. 신용산역 1번 출구,5,3
202010,843. 녹사평역 광장,4,8
202010,846. 용산중학교,1,1
202010,848. 삼각지12번 출구,3,0
202010,853.용산역 맞은편,1,0
202010,854.HID 유족동지회 앞,1,2
202010,857. 현대 안성타워,3,5
202010,858.녹사평역3번 출구,1,0
202010,863.이촌역2번 출구,1,0
202010,864.순천향대학병원(한남오거리),1,0
202010,866.브라운스톤 남산아파트,1,0
202010,870.노들섬 서측 앞,1,1
202010,907. CJ 드림시티,2,0
202010,948. 디지털미디어 시티역 4번출구(DMC역),1,0
202010,961. 불광역 9번 출구,1,0
202011,1002. 해공공원(천호동),1,2
202011,1004. 삼성광나루아파트 버스정류장,1,1
202011,102. 망원역 1번출구 앞,1,0
202011,103. 망원역 2번출구 앞,1,0
202011,106. 합정역 7번출구 앞,0,1
202011,107. 신한은행 서교동금융센터점 앞,3,2
202011,1117. 스타벅스앞,1,0
202011,1118. 증미역 3번출구뒤(등촌두산위브센티움오피스텔),1,0
202011,1131. 꿈돌이공원 앞,3,1
202011,114. 홍대입구역 8번출구 앞,9,4
202011,116. 일진아이윌아파트 옆,1,0
202011,1166. 강서구립등빛도서관,1,0
202011,117. 홍은사거리,1,0
202011,118. 광흥창역 2번출구 앞,1,0
202011,1197. 엠펠리체 호텔 건너편,0,1
202011,120. 신수동 사거리,1,0
202011,1201. 가락시장역 3번 출구,0,1
202011,1206. 9호선종합운동장역 9번출구,2,2
202011,1210. 롯데월드타워(잠실역2번출구 쪽),2,0
202011,1224. 아시아지하보도 2번 출구,1,0
202011,1226. 잠실4동 주민센터 옆,1,0
202011,1231. 잠실역 6번출구,1,2
202011,1248. 방이초등학교,1,0
202011,125. 서강대 남문 옆,1,0
202011,1269. 리센츠아파트 ,2,2
202011,1278. 송파구청 교차로,2,2
202011,1295. 잠실역 8번출구,3,0
202011,130. 신촌역(2호선) 7번출구 앞,1,0
202011,1308. 안암로터리 버스정류장 앞,0,1
202011,131. 증산2교,1,1
202011,133. 해담는다리,0,1
202011,1338. 용문2교 옆,0,1
202011,1342. 성북쉼터 앞,1,0
202011,135. 명물길 원형무대 앞,2,2
202011,1354. 고려대학교 2번출구,1,0
202011,1355. 보문2교,2,1
202011,1364. 성북동 치안센터 앞,1,1
202011,1370. 복자사랑 피정의 집,1,0
202011,1372. KEB은행 고대점,3,0
202011,1385.성신여대입구역 3번출구 앞,2,0
202011,140. 이화여대 후문,0,1
202011,144. 공덕역 8번출구,1,0
202011,1449. 상봉역 1번출구,0,2
202011,1459. 용마한신아파트사거리,1,1
202011,146. 마포역 2번출구 뒤,4,2
202011,147. 마포역 4번출구 뒤,0,1
202011,152. 마포구민체육센터 앞,1,1
202011,153. 성산2교 사거리,1,0
202011,1537. 북한산 우이역,1,1
202011,154. 마포구청역 ,0,2
202011,155. 가좌역1 번출구 뒤,2,1
202011,1606. 태릉입구역 3번출구 ,1,0
202011,1643. 태릉입구역 8번출구,1,0
202011,1650. 중계근린공원내,0,1
202011,1663. 동해문화예술관앞,1,1
202011,178. 증산3교 앞,1,0
202011,182. 망원2빗물펌프장 앞,4,1
202011,1824. 독산근린공원 입구,0,1
202011,183. 하늘채코오롱아파트 건너편,1,2
202011,185. 마포 신수공원 앞,1,0
202011,186. 월드컵공원,2,2
202011,188. 홍은동 정원여중 입구,0,2
202011,1901. 신도림동주민센터 앞,1,0
202011,1906. 신도림역 1번 출구 앞,1,0
202011,1911. 구로디지털단지역 앞,1,2
202011,199. 서울 월드컵 경기장,1,0
202011,2002. 노들역 1번출구,1,0
202011,2025. 흑석역 1번출구,3,3
202011,2026. 흑석역 4번출구,1,0
202011,2027. 중앙대학교 정문,2,0
202011,2037. 동작역 5번출구 동작주차공원,1,0
202011,2040. 비계 버스정류소,3,0
202011,207. 여의나루역 1번출구 앞,14,22
202011,2070. 노량진역 2번 출구 앞,0,5
202011,209. 유진투자증권빌딩 앞,2,0
202011,210. IFC몰,1,1
202011,2104. 사당역 5번출구,0,1
202011,211. 여의도역 4번출구 옆,2,1
202011,2112. 서울대입구역 마에스트로,2,0
202011,214. 금융감독원 앞,0,1
202011,215. 여의도고교 앞,1,1
202011,217. NH농협은행 앞,1,0
202011,221. 여의도초교 앞,0,1
202011,2214. 신반포역 2번출구 앞,1,0
202011,2217.아크로리버뷰 부지 앞,3,1
202011,"2219. 고속터미널역 8-1번, 8-2번 출구 사이",0,1
202011,2220. 반포본동 주민센터 앞,1,0
202011,2230.이수역 4번 출구,0,1
202011,2255.시민의숲역 1번출구 옆,1,1
202011,227. 양평2나들목 보행통로 입구,0,2
202011,2277. 길마중4교 하부,1,1
202011,2297. 남부터미널역 1번출구,0,1
202011,2301. 현대고등학교 건너편,2,4
202011,2302. 교보타워 버스정류장(신논현역 3번출구 후면),1,1
202011,2303. 논현역 7번출구,0,2
202011,2304. 신영 ROYAL PALACE 앞,1,0
202011,2312. 청담역 13번 출구 앞,1,0
202011,2313. 금원빌딩 앞,4,10
202011,2315. 봉은사역 5번출구 옆,0,1
202011,2316. 삼성역 8번출구,1,0
202011,232. 양평우림 이비즈센타 앞,0,1
202011,233. YP 센터 앞,1,0
202011,2342. 대청역 1번출구  뒤,1,0
202011,236. 문래동자이아파트 앞,2,1
202011,2361. 압구정역 교차로,0,1
202011,2377. 수서역 5번출구 뒤,1,0
202011,2385. 학동역,1,0
202011,2387. 래미안강남힐즈 사거리,0,1
202011,2407. 역삼.서초.삼성 세무서 앞 (역삼빌딩 앞),1,1
202011,2420.학여울역 사거리(LG베스트샵 앞),1,0
202011,2429.압구정로데오역 6번출구,0,4
202011,249. 여의도중학교 옆,2,0
202011,2504. 신사역 4번출구 뒤,1,0
202011,2511. 이수역 6번출구 앞,2,0
202011,2530.삼호3차아파트 앞,0,1
202011,2613. 잠실나들목,0,1
202011,2621. 한성백제역 2번 출구,0,2
202011,2622. 올림픽공원역 3번출구,0,1
202011,268. 그랜드컨벤션센터 앞,3,0
202011,2704.홈플러스(강서점),0,1
202011,2722.마곡 문영비지웍스,0,2
202011,2730.마곡메가박스 앞,1,0
202011,2737.까치산역 3번 출구,0,1
202011,284. 센트럴 푸르지오 시티 앞,0,1
202011,299.여의도 순복음교회,0,1
202011,3002.벽산상암스마트큐브 ,1,0
202011,3009.서교동사거리(신),5,2
202011,302. 경복궁역 4번출구 뒤,0,1
202011,305. 종로구청 옆,1,2
202011,307. 서울역사박물관 앞,0,1
202011,310. 청계광장 옆,3,1
202011,3107. 연희초등학교 앞,0,1
202011,311. 서울광장 옆,2,4
202011,3113.독립문역사거리,4,0
202011,3116.신촌역 4번출구,1,0
202011,3117.이화여대 인문관 인근,0,3
202011,3123.DMC파크뷰자이1단지 110동 앞,1,0
202011,3125.연희파크푸르지오아파트 앞,0,1
202011,314. 국립현대미술관,1,1
202011,320. 을지로입구역 4번출구 앞,1,0
202011,321. KEB 하나금융그룹 명동사옥 옆,1,3
202011,3219.영등포역 2번출구,0,2
202011,324. 신세계백화점 본점 앞,1,1
202011,326. 안국역 5번출구 앞,0,1
202011,327. 낙원상가 옆,2,1
202011,328. 탑골공원 앞,4,0
202011,329. 청계2가 사거리 옆,1,1
202011,339. 종로4가 사거리,0,1
202011,3407.안국동사거리(신),1,3
202011,341. 혜화역 3번출구 뒤,1,0
202011,3410.종로3가역 8번출구,1,1
202011,3411.종묘,1,0
202011,3414.종로5가역 4번출구,0,1
202011,342. 대학로 마로니에공원,1,0
202011,347. 동대문역사문화공원역 9번출구 앞,1,0
202011,348. 독립문역 사거리,1,0
202011,3500. 군자역2번출구,0,1
202011,3502. 중곡역 1번출구,0,3
202011,3508. 화양사거리,0,1
202011,3510. 중곡SK아파트앞,8,0
202011,3511. 응봉역 1번출구,1,1
202011,3513. 상왕십리역 1번출구,1,1
202011,3515. 서울숲 관리사무소,1,5
202011,3516. 구의아리수정수센터앞,1,0
202011,3529. 어린이대공원정문,2,0
202011,3533. 건대입구역 사거리(롯데백화점),1,1
202011,3534. 건대입구역 5번출구 뒤,4,3
202011,354. 포르투갈 대사관 앞,1,1
202011,3541. 커먼그라운드,0,2
202011,3543. 세종대학교(학술정보원),1,0
202011,3544.한양대역 3번 출구,0,1
202011,3548.뚝섬역 6번출구,1,0
202011,3552.서울숲 공영주차장앞,2,0
202011,3557.서울숲리버뷰자이APT105동 앞,1,0
202011,3569.건대병원후문,1,1
202011,358. 성대입구 사거리,1,1
202011,359. 원남동사거리,0,1
202011,368. SK 서린빌딩 앞,0,1
202011,369. 광화문 시민열린마당,12,3
202011,370. 시청역(2호선) 9번출구 뒤,1,1
202011,385. 종각역 5번출구,2,0
202011,387. 훈련원공원주차장 앞,2,1
202011,390. 충무로역 1번출구,0,2
202011,398. 을지로3가역 3번출구,2,0
202011,405. DMC빌 앞,1,1
202011,411. DMC홍보관,1,0
202011,418. 월드컵경기장역 3번출구 옆,0,2
202011,419. 홈플러스 앞,1,0
202011,420. 서울시 공공자전거 상암센터,1,0
202011,421. 마포구청 앞,3,3
202011,432. 마포중앙도서관,2,0
202011,433. 을지로입구역 2번출구,2,0
202011,436. 이대역 5번출구,0,1
202011,439. 마포어린이공원,1,1
202011,440. 하늘공원 입구,3,8
202011,443.호암아트홀,1,2
202011,446. 상명대입구,1,1
202011,447. 신영동삼거리,1,1
202011,449. 일성아파트,1,1
202011,450. 효자동 삼거리,2,0
202011,458. 광화문역 5번출구,2,3
202011,466.롯데호텔,1,1
202011,471.회현사거리 남측,3,1
202011,476.광희문,1,2
202011,489.구룡근린공원,1,1
202011,493.홍대입구역 6번출구,2,3
202011,498.연남동주민센터 앞,1,0
202011,500. 어린이대공원역 3번출구 앞,0,2
202011,501. 광진구의회 앞,1,1
202011,502. 뚝섬유원지역 1번출구 앞,5,6
202011,509. 이마트 버스정류소 옆,1,0
202011,510. 서울숲 남문 버스정류소 옆,0,3
202011,511. 서울숲역 4번 출구 옆,1,1
202011,512. 뚝섬역 1번 출구 옆,0,2
202011,525. 한양대병원사거리,3,4
202011,535. 응봉삼거리,0,2
202011,549. 아차산역 3번출구,0,1
202011,552. 대림아크로리버 앞,1,0
202011,553. 중곡 성원APT 앞,1,1
202011,559. 왕십리역 4번 출구 건너편,2,2
202011,560. 비전교회 앞,1,1
202011,565. 옥수역 3번출구,6,6
202011,571. 어린이대공원역6번출구,3,3
202011,572. 국립정신 건강센터 앞,1,1
202011,576. 광나루역 3번 출구,1,2
202011,577. 광진청소년수련관,1,1
202011,582. 경일중학교 앞,0,1
202011,583. 청계천 생태교실 앞,0,1
202011,586. 마장동 주민센터,2,0
202011,587. 유니베라 앞,1,1
202011,588. 뚝섬 유원지역,0,1
202011,590. 건국대학교 (입학정보관),1,2
202011,591. 건국대학교 (행정관),0,2
202011,592. 건국대학교 학생회관,6,5
202011,607. 신이문역 2번출구,1,1
202011,609. 제기2교,0,1
202011,610. 동대문중 교차로,1,1
202011,615. 용두동 래미안허브리츠아파트 앞,1,1
202011,624. 전농동 동아아파트 앞,7,4
202011,627. 장안동삼거리 교통섬,1,1
202011,631. 답십리역 1번출구,2,1
202011,633. 청량리 기업은행 앞,1,2
202011,635. 시조사 앞 (청량고정문 옆),1,0
202011,641. 용두역 4번출구,1,1
202011,642. 신답역 사거리,0,2
202011,646. 장한평역 1번출구 (국민은행앞),1,1
202011,647. 신이문역 1번출구,1,1
202011,659. 제기역1번출구,1,0
202011,663. 외대앞역 4번출구,1,4
202011,670.삼육서울병원 버스정류장,2,0
202011,674.고대앞사거리 교통섬,5,2
202011,677.청량리역 4번 5번출구 사이,2,2
202011,680.꿈마루어린이도서관 앞,8,5
202011,703. 오목교역 7번출구 앞,1,0
202011,704. 남부법원검찰청 교차로,1,1
202011,708. 서울출입국관리사무소 앞,1,0
202011,803. 한남초교 앞 보도육교,1,0
202011,805. 문배어린이공원 앞,1,2
202011,806. 전자랜드 본관 앞,1,0
202011,807. 서울역 12번 출구 앞,2,4
202011,808. 서빙고동 금호맨션 앞,1,2
202011,809. 한남 유수지 복개주차장,5,0
202011,810. 이태원지하보도,1,0
202011,811. 녹사평역1번출구,1,14
202011,812. 용산전쟁기념관,1,1
202011,815. LIG강촌아파트 103동앞,0,2
202011,816. 신용산역 6번출구 앞,7,7
202011,817. 삼각지역 4번출구 앞,0,2
202011,818. 숙명여대 입구 교차로,0,1
202011,819. 선린인터넷 고등학교,0,1
202011,825. 서빙고동 주민센터 앞,4,4
202011,826. 서울역 서부교차로2,1,0
202011,829. 베르가모앞,11,17
202011,831. 이태원관광특구입구,2,2
202011,832. 이촌1동 주민센터 뒤,3,6
202011,837. 한남나들목 입구,0,2
202011,838. 숙대입구역 4번출구,1,0
202011,839. 보광동 삼성리버빌아파트 앞,1,2
202011,840. 용산 파크타워 앞,2,3
202011,841. 신용산역 1번 출구,9,5
202011,843. 녹사평역 광장,4,2
202011,844. 이촌2동 동원베네스트 아파트 앞,1,0
202011,850. KCC용산월츠타워 ,0,1
202011,853.용산역 맞은편,2,2
202011,857. 현대 안성타워,1,2
202011,864.순천향대학병원(한남오거리),1,0
202011,870.노들섬 서측 앞,1,1
202011,907. CJ 드림시티,1,0
202011,914. 새절역 2번출구,1,1
202011,972. 수색역,1,0
202012,1009. 천호역4번출구(현대백화점),2,0
202012,105. 합정역 5번출구 앞,1,2
202012,106. 합정역 7번출구 앞,2,2
202012,107. 신한은행 서교동금융센터점 앞,0,3
202012,109. 제일빌딩 앞,0,1
202012,1132. 등촌역 7번출구,1,1
202012,114. 홍대입구역 8번출구 앞,1,3
202012,117. 홍은사거리,1,0
202012,119. 서강나루 공원,1,1
202012,120. 신수동 사거리,1,0
202012,1206. 9호선종합운동장역 9번출구,1,0
202012,1209. 잠실나루역 (2번 출구 쪽),0,2
202012,121. 마포소방서 앞,1,0
202012,1222. 잠실새내역 5번 출구 뒤,1,1
202012,1231. 잠실역 6번출구,0,1
202012,1232. 롯데마트 주차장 옆,1,1
202012,125. 서강대 남문 옆,1,0
202012,1256. 문정현대아파트 교차로,0,1
202012,1269. 리센츠아파트 ,1,0
202012,127. 현대벤처빌 앞,1,1
202012,1278. 송파구청 교차로,0,1
202012,128. 신촌역(2호선) 1번출구 옆,2,1
202012,130. 신촌역(2호선) 7번출구 앞,1,3
202012,1300. 오륜사거리,0,2
202012,1302. 한성대입구역6번출구 뒤,1,1
202012,1306. 한성대입구역2번출구,2,0
202012,1308. 안암로터리 버스정류장 앞,2,1
202012,1337. 돈암성당 옆,1,0
202012,1349. 월계2교 버스정류장 앞,0,2
202012,135. 명물길 원형무대 앞,1,1
202012,137. NH농협 신촌지점 앞,1,0
202012,140. 이화여대 후문,0,1
202012,142. 아현역 4번출구 앞,1,1
202012,144. 공덕역 8번출구,3,3
202012,147. 마포역 4번출구 뒤,0,1
202012,150. 서강대역 2번출구 앞,2,0
202012,151. 망원1동주민센터,0,1
202012,152. 마포구민체육센터 앞,5,3
202012,1538. 솔밭공원역,1,1
202012,1539. 4.19민주묘지역,1,1
202012,1546. 송천동우체국,1,1
202012,157. 애오개역 4번출구 앞,3,2
202012,159. 이대역 4번 출구,1,1
202012,1665. 양지근린공원앞,1,1
202012,179. 가좌역 4번출구 앞,1,0
202012,182. 망원2빗물펌프장 앞,1,1
202012,186. 월드컵공원,2,0
202012,194. 증산교 앞,2,2
202012,195. 모래내고가차도 ,0,1
202012,1961. 신도림테크노근린공원,1,0
202012,199. 서울 월드컵 경기장,1,3
202012,2025. 흑석역 1번출구,1,0
202012,2034. 사당역 7번출구쪽,1,1
202012,207. 여의나루역 1번출구 앞,8,2
202012,210. IFC몰,1,0
202012,2128. 관악구청교차로,0,1
202012,215. 여의도고교 앞,0,1
202012,2165. JK장평타워,1,1
202012,2213. 고속터미널역 5번출구 앞,1,0
202012,2217.아크로리버뷰 부지 앞,0,3
202012,"2219. 고속터미널역 8-1번, 8-2번 출구 사이",2,5
202012,2220. 반포본동 주민센터 앞,0,1
202012,2222.사당역 12번출구 뒤,0,1
202012,2228.뒷벌공원 옆,1,0
202012,2230.이수역 4번 출구,1,0
202012,2251. 더케이호텔 입구(양재2) ,1,1
202012,2262. 한신16차아파트 119동 앞,1,6
202012,2264. 이수역 1번출구,1,1
202012,2269. 주홍교 하부,1,0
202012,2274. 양재시민의숲역 3번출구,1,0
202012,228. 선유도역 3번출구 앞,1,1
202012,2292. 무지개아파트 앞,1,1
202012,2301. 현대고등학교 건너편,4,1
202012,2302. 교보타워 버스정류장(신논현역 3번출구 후면),0,2
202012,2303. 논현역 7번출구,3,1
202012,2306. 압구정역 2번 출구 옆,1,0
202012,2307. 압구정 한양 3차 아파트,1,2
202012,2308. 압구정파출소 앞,4,0
202012,2313. 금원빌딩 앞,0,1
202012,2315. 봉은사역 5번출구 옆,0,1
202012,2327. 뱅뱅사거리 랜드마크타워 앞,1,1
202012,2332. 선릉역3번출구,1,1
202012,2337. 대모산입구역 2번출구 앞,1,0
202012,2342. 대청역 1번출구  뒤,0,1
202012,2384. 자곡사거리,1,1
202012,2396. 영동3교 북단(우성캐릭터 앞 보도),2,2
202012,2410. 포스코피앤에스타워 (역삼역 3번출구 부근),0,1
202012,2430.강남파이낸스센터앞(역삼역2번출구),1,0
202012,249. 여의도중학교 옆,0,6
202012,2504. 신사역 4번출구 뒤,1,0
202012,2511. 이수역 6번출구 앞,1,3
202012,2538.사평리 공원,1,0
202012,260. 여의도 마리나선착장 앞,3,0
202012,2613. 잠실나들목,0,1
202012,2615. 테라타워2,1,0
202012,2617. 가락삼환아파트 앞,2,0
202012,282. 신한은행,1,0
202012,287. 영등포전화국사거리 (서강어린이공원),0,1
202012,3011.경의선(노고산동),0,1
202012,302. 경복궁역 4번출구 뒤,1,1
202012,305. 종로구청 옆,1,1
202012,311. 서울광장 옆,4,3
202012,3116.신촌역 4번출구,1,2
202012,3117.이화여대 인문관 인근,1,1
202012,314. 국립현대미술관,1,2
202012,321. KEB 하나금융그룹 명동사옥 옆,0,2
202012,322. 명동성당 앞,2,0
202012,324. 신세계백화점 본점 앞,2,2
202012,326. 안국역 5번출구 앞,2,2
202012,332. 을지로2가 사거리 남측,1,0
202012,334. 종로3가역 2번출구 뒤,1,0
202012,3407.안국동사거리(신),5,7
202012,341. 혜화역 3번출구 뒤,0,1
202012,3410.종로3가역 8번출구,1,1
202012,3411.종묘,1,2
202012,3412.세운상가,0,1
202012,3502. 중곡역 1번출구,1,0
202012,3506. 영동대교 북단,1,1
202012,351. 청운초교 앞 삼거리,0,1
202012,3510. 중곡SK아파트앞,1,0
202012,3511. 응봉역 1번출구,4,0
202012,3513. 상왕십리역 1번출구,1,1
202012,3515. 서울숲 관리사무소,6,6
202012,3517. 용마사거리,1,1
202012,3518. 군자역 7번출구뒤,0,1
202012,352. 중앙고입구 삼거리,0,1
202012,353. 재동초교 앞 삼거리,1,0
202012,354. 포르투갈 대사관 앞,1,0
202012,3541. 커먼그라운드,1,1
202012,3552.서울숲 공영주차장앞,1,1
202012,356. KT혜화지사 앞,1,0
202012,3573.광나루안전체험관,1,0
202012,3600.사근빗물펌프장 건너편,4,2
202012,368. SK 서린빌딩 앞,0,3
202012,370. 시청역(2호선) 9번출구 뒤,1,2
202012,379. 서울역9번출구,4,1
202012,381. 장충체육관,1,1
202012,397. 종묘공영주차장 건너편,1,1
202012,405. DMC빌 앞,1,1
202012,409. 누리꿈스퀘어 옆,1,0
202012,418. 월드컵경기장역 3번출구 옆,1,0
202012,421. 마포구청 앞,1,1
202012,422. 문화비축기지,2,2
202012,433. 을지로입구역 2번출구,2,0
202012,439. 마포어린이공원,0,1
202012,440. 하늘공원 입구,1,0
202012,458. 광화문역 5번출구,1,0
202012,465. 삼청공원 앞,1,0
202012,466.롯데호텔,1,0
202012,470.회현역 7번출구,1,2
202012,474.동대문역사문화공원역 1번출구 뒤편,3,0
202012,475.DDP 패션몰,1,0
202012,481.신당역 10번 출구,0,1
202012,487.신석초교앞 교차로 교통섬,0,1
202012,502. 뚝섬유원지역 1번출구 앞,2,1
202012,509. 이마트 버스정류소 옆,2,6
202012,511. 서울숲역 4번 출구 옆,2,2
202012,519. 양지사거리,1,0
202012,525. 한양대병원사거리,1,0
202012,526. 용답토속공원 앞,2,0
202012,537. 한양대후문역 부근,1,0
202012,550. 서울시설공단 앞,0,1
202012,556. 달맞이공원,1,1
202012,561. 서울숲역 2번출구 앞,0,1
202012,568. 청계8가사거리 부근,1,1
202012,583. 청계천 생태교실 앞,12,10
202012,586. 마장동 주민센터,1,1
202012,590. 건국대학교 (입학정보관),1,1
202012,592. 건국대학교 학생회관,2,3
202012,607. 신이문역 2번출구,1,1
202012,613. 신설동역 10번출구 앞,1,0
202012,614. 용두동 사거리,2,2
202012,615. 용두동 래미안허브리츠아파트 앞,0,1
202012,624. 전농동 동아아파트 앞,1,0
202012,633. 청량리 기업은행 앞,2,2
202012,635. 시조사 앞 (청량고정문 옆),0,1
202012,641. 용두역 4번출구,1,1
202012,642. 신답역 사거리,0,1
202012,646. 장한평역 1번출구 (국민은행앞),3,3
202012,647. 신이문역 1번출구,1,2
202012,648. 장안동위더스빌옆,2,4
202012,658. 촬영소 사거리,3,2
202012,670.삼육서울병원 버스정류장,1,0
202012,674.고대앞사거리 교통섬,2,1
202012,680.꿈마루어린이도서관 앞,1,0
202012,755. 목동1단지아파트 상가 앞 (월촌중학교 버스정류소 옆),1,1
202012,806. 전자랜드 본관 앞,1,1
202012,807. 서울역 12번 출구 앞,0,2
202012,808. 서빙고동 금호맨션 앞,1,0
202012,811. 녹사평역1번출구,0,1
202012,816. 신용산역 6번출구 앞,1,3
202012,829. 베르가모앞,4,5
202012,836. 현대자동차서비스 앞,1,1
202012,837. 한남나들목 입구,3,3
202012,841. 신용산역 1번 출구,6,1
202012,843. 녹사평역 광장,3,5
202012,853.용산역 맞은편,0,2
202012,857. 현대 안성타워,1,1
202012,858.녹사평역3번 출구,0,1
202012,859.남산공원 야외식물원 앞,2,1
202012,860.LG한강 자이아파트 앞,0,2
202101,105. 합정역 5번출구 앞,0,1
202101,106. 합정역 7번출구 앞,0,1
202101,1112. 마곡엠밸리4단지 정문,1,1
202101,112. 극동방송국 앞,1,0
202101,114. 홍대입구역 8번출구 앞,3,4
202101,1205. 종합운동장역 4번출구,0,1
202101,1210. 롯데월드타워(잠실역2번출구 쪽),1,0
202101,1235. 잠실트리지움310동 옆,2,0
202101,1268. 몽촌토성역 1번출구 옆,2,0
202101,151. 망원1동주민센터,0,1
202101,152. 마포구민체육센터 앞,6,1
202101,1537. 북한산 우이역,0,4
202101,1601. 석계역 문화광장 내 자전거 보관소,3,0
202101,1610. 화랑대역 2번출구 앞,1,1
202101,1666. 노원소방서인근,0,3
202101,183. 하늘채코오롱아파트 건너편,0,2
202101,185. 마포 신수공원 앞,1,0
202101,207. 여의나루역 1번출구 앞,11,7
202101,210. IFC몰,2,0
202101,2111. 서울대입구역 1번출구,0,1
202101,220. 미성아파트 A동 앞,1,0
202101,2213. 고속터미널역 5번출구 앞,2,1
202101,222. 시범아파트버스정류장 옆,0,1
202101,225. 앙카라공원 앞,1,0
202101,226. 샛강역 1번출구 앞,1,0
202101,2264. 이수역 1번출구,0,2
202101,2273. 일동제약 사거리,0,1
202101,2279. 교대역 5번출구뒤,0,1
202101,2301. 현대고등학교 건너편,0,2
202101,2303. 논현역 7번출구,0,1
202101,2307. 압구정 한양 3차 아파트,0,1
202101,2308. 압구정파출소 앞,0,1
202101,2320. 도곡역 대치지구대 방향,0,1
202101,2322. 삼성역 3번 출구,1,1
202101,2324. 천주교 대치 2동 교회 옆,1,0
202101,2342. 대청역 1번출구  뒤,1,0
202101,2351. 청소년수련관(수영장)앞,1,0
202101,2355. 삼성역 5~6번 출구 사이,0,2
202101,2358. 구룡초사거리 (현대아파트10동 앞 ),1,0
202101,2396. 영동3교 북단(우성캐릭터 앞 보도),1,2
202101,2407. 역삼.서초.삼성 세무서 앞 (역삼빌딩 앞),2,0
202101,2412. 일원1동 주민센터,1,0
202101,2423.영희초교 사거리(래미안개포루체하임),0,1
202101,2429.압구정로데오역 6번출구,0,2
202101,2502. 서초역1번출구 앞,1,0
202101,2511. 이수역 6번출구 앞,1,1
202101,2613. 잠실나들목,1,3
202101,272. 당산육갑문,0,3
202101,2903.월계초안아파트 1단지,1,0
202101,2909. 석계역 3번 출구,1,0
202101,2911.상계역중앙시장,3,0
202101,2917.신창중학교 후문 맞은편 버스정류장,0,1
202101,3010.홍대입구역 3번출구,0,3
202101,306. 광화문역 7번출구 앞,0,1
202101,3107. 연희초등학교 앞,0,1
202101,3119.연희 브라운스톤 아파트 앞,1,1
202101,3125.연희파크푸르지오아파트 앞,1,1
202101,318. 광교사거리 남측,0,1
202101,321. KEB 하나금융그룹 명동사옥 옆,1,0
202101,331. 을지로2가 사거리 북측,0,2
202101,346. 맥스타일 앞,2,2
202101,3502. 중곡역 1번출구,1,0
202101,3514. 왕십리교회옆,0,2
202101,3541. 커먼그라운드,4,2
202101,3544.한양대역 3번 출구,1,1
202101,3545.한양대역 1번출구,3,5
202101,361. 동묘앞역 1번출구 뒤,0,1
202101,362. 청계8가 사거리,1,0
202101,374. 청구역 2번출구 앞,1,1
202101,375. 다산 어린이공원,1,1
202101,3787. 가양나들목,0,1
202101,4117. 휘경119안전센터 앞,3,0
202101,420. 서울시 공공자전거 상암센터,2,0
202101,430. KEB하나은행 장충동지점,10,7
202101,431. 청계천 영도교,1,3
202101,439. 마포어린이공원,0,2
202101,452. 동대문 종합시장 버스정류장,0,1
202101,457. 종로꽃시장 입구 옆,0,1
202101,474.동대문역사문화공원역 1번출구 뒤편,1,1
202101,4791. 명동역9번 출구,2,2
202101,493.홍대입구역 6번출구,1,0
202101,500. 어린이대공원역 3번출구 앞,0,1
202101,502. 뚝섬유원지역 1번출구 앞,3,1
202101,505. 자양사거리 광진아크로텔 앞,0,2
202101,507. 성수아이에스비즈타워 앞,0,1
202101,509. 이마트 버스정류소 옆,2,2
202101,510. 서울숲 남문 버스정류소 옆,2,1
202101,513. 뚝섬역 5번 출구 정류소 옆,1,0
202101,525. 한양대병원사거리,0,1
202101,542. 강변역 4번출구 뒤,0,2
202101,565. 옥수역 3번출구,1,0
202101,567. 성수역 2번출구 앞,1,1
202101,568. 청계8가사거리 부근,1,0
202101,583. 청계천 생태교실 앞,3,4
202101,589. 성수역3번출구,1,1
202101,592. 건국대학교 학생회관,1,1
202101,607. 신이문역 2번출구,1,1
202101,609. 제기2교,2,2
202101,626. 군자교 서측 녹지대,1,1
202101,646. 장한평역 1번출구 (국민은행앞),0,1
202101,648. 장안동위더스빌옆,1,0
202101,674.고대앞사거리 교통섬,5,0
202101,740. 으뜸공원,1,1
202101,"773.염창역 3, 4번 출구 사이",1,0
202101,806. 전자랜드 본관 앞,3,3
202101,809. 한남 유수지 복개주차장,1,0
202101,811. 녹사평역1번출구,1,0
202101,816. 신용산역 6번출구 앞,1,0
202101,825. 서빙고동 주민센터 앞,2,1
202101,829. 베르가모앞,0,2
202101,831. 이태원관광특구입구,0,2
202101,832. 이촌1동 주민센터 뒤,1,0
202101,835. 남영역 건너편,1,0
202101,837. 한남나들목 입구,2,2
202101,841. 신용산역 1번 출구,1,0
202101,843. 녹사평역 광장,1,1
202101,857. 현대 안성타워,3,0
202101,860.LG한강 자이아파트 앞,2,3
202101,865.하얏트호텔 앞,2,0
202101,870.노들섬 서측 앞,4,4
202101,907. CJ 드림시티,1,1
