'대여일자','사용자코드','성별','연령대코드','신규가입자수'
'2018-01-01','회원-내국인','F','~10대',7
'2018-01-01','회원-내국인','M','~10대',9
'2018-01-01','회원-내국인','F','20대',58
'2018-01-01','회원-내국인','M','20대',81
'2018-01-01','회원-내국인','F','30대',32
'2018-01-01','회원-내국인','M','30대',46
'2018-01-01','회원-내국인','F','40대',19
'2018-01-01','회원-내국인','M','40대',26
'2018-01-01','회원-내국인','F','50대',9
'2018-01-01','회원-내국인','M','50대',8
'2018-01-01','회원-내국인','F','60대',3
'2018-01-01','회원-내국인','M','60대',4
'2018-01-02','회원-내국인','F','~10대',6
'2018-01-02','회원-내국인','M','~10대',6
'2018-01-02','회원-내국인','F','20대',39
'2018-01-02','회원-내국인','M','20대',74
'2018-01-02','회원-내국인','F','30대',15
'2018-01-02','회원-내국인','M','30대',37
'2018-01-02','회원-내국인','F','40대',12
'2018-01-02','회원-내국인','M','40대',32
'2018-01-02','회원-내국인','F','50대',6
'2018-01-02','회원-내국인','M','50대',13
'2018-01-02','회원-내국인','M','60대',5
'2018-01-02','회원-내국인','F','70대~',1
'2018-01-03','회원-내국인','F','~10대',2
'2018-01-03','회원-내국인','M','~10대',3
'2018-01-03','회원-내국인','F','20대',34
'2018-01-03','회원-내국인','M','20대',35
'2018-01-03','회원-내국인','F','30대',20
'2018-01-03','회원-내국인','M','30대',24
'2018-01-03','회원-내국인','F','40대',17
'2018-01-03','회원-내국인','M','40대',40
'2018-01-03','회원-내국인','F','50대',8
'2018-01-03','회원-내국인','M','50대',18
'2018-01-03','회원-내국인','M','60대',3
'2018-01-03','회원-내국인','M','70대~',1
'2018-01-04','회원-내국인','F','~10대',3
'2018-01-04','회원-내국인','M','~10대',5
'2018-01-04','회원-내국인','F','20대',32
'2018-01-04','회원-내국인','M','20대',41
'2018-01-04','회원-내국인','F','30대',14
'2018-01-04','회원-내국인','M','30대',19
'2018-01-04','회원-내국인','F','40대',5
'2018-01-04','회원-내국인','M','40대',28
'2018-01-04','회원-내국인','F','50대',5
'2018-01-04','회원-내국인','M','50대',12
'2018-01-04','회원-내국인','F','60대',1
'2018-01-04','회원-내국인','M','60대',4
'2018-01-05','회원-내국인','F','~10대',11
'2018-01-05','회원-내국인','M','~10대',3
'2018-01-05','회원-내국인','F','20대',35
'2018-01-05','회원-내국인','M','20대',43
'2018-01-05','회원-내국인','F','30대',23
'2018-01-05','회원-내국인','M','30대',22
'2018-01-05','회원-내국인','F','40대',12
'2018-01-05','회원-내국인','M','40대',16
'2018-01-05','회원-내국인','F','50대',3
'2018-01-05','회원-내국인','M','50대',8
'2018-01-05','회원-내국인','F','60대',1
'2018-01-05','회원-내국인','M','60대',6
'2018-01-06','회원-내국인','F','~10대',5
'2018-01-06','회원-내국인','M','~10대',7
'2018-01-06','회원-내국인','F','20대',34
'2018-01-06','회원-내국인','M','20대',43
'2018-01-06','회원-내국인','F','30대',22
'2018-01-06','회원-내국인','M','30대',36
'2018-01-06','회원-내국인','F','40대',9
'2018-01-06','회원-내국인','M','40대',15
'2018-01-06','회원-내국인','F','50대',3
'2018-01-06','회원-내국인','M','50대',9
'2018-01-06','회원-내국인','F','60대',2
'2018-01-06','회원-내국인','M','60대',5
'2018-01-06','회원-내국인','F','70대~',1
'2018-01-06','회원-내국인','M','70대~',1
'2018-01-07','회원-내국인','F','~10대',4
'2018-01-07','회원-내국인','M','~10대',6
'2018-01-07','회원-내국인','F','20대',72
'2018-01-07','회원-내국인','M','20대',69
'2018-01-07','회원-내국인','F','30대',16
'2018-01-07','회원-내국인','M','30대',33
'2018-01-07','회원-내국인','F','40대',11
'2018-01-07','회원-내국인','M','40대',16
'2018-01-07','회원-내국인','F','50대',6
'2018-01-07','회원-내국인','M','50대',14
'2018-01-07','회원-내국인','F','60대',1
'2018-01-07','회원-내국인','M','60대',3
'2018-01-07','회원-내국인','F','70대~',1
'2018-01-07','회원-내국인','M','70대~',1
'2018-01-08','회원-내국인','F','~10대',3
'2018-01-08','회원-내국인','M','~10대',6
'2018-01-08','회원-내국인','F','20대',32
'2018-01-08','회원-내국인','M','20대',41
'2018-01-08','회원-내국인','F','30대',21
'2018-01-08','회원-내국인','M','30대',32
'2018-01-08','회원-내국인','F','40대',10
'2018-01-08','회원-내국인','M','40대',21
'2018-01-08','회원-내국인','F','50대',2
'2018-01-08','회원-내국인','M','50대',10
'2018-01-08','회원-내국인','F','60대',1
'2018-01-08','회원-내국인','M','60대',5
'2018-01-08','회원-내국인','F','70대~',2
'2018-01-09','회원-내국인','F','~10대',3
'2018-01-09','회원-내국인','M','~10대',6
'2018-01-09','회원-내국인','F','20대',35
'2018-01-09','회원-내국인','M','20대',40
'2018-01-09','회원-내국인','F','30대',14
'2018-01-09','회원-내국인','M','30대',13
'2018-01-09','회원-내국인','F','40대',3
'2018-01-09','회원-내국인','M','40대',15
'2018-01-09','회원-내국인','F','50대',6
'2018-01-09','회원-내국인','M','50대',10
'2018-01-09','회원-내국인','M','60대',2
'2018-01-10','회원-내국인','M','~10대',3
'2018-01-10','회원-내국인','F','20대',24
'2018-01-10','회원-내국인','M','20대',21
'2018-01-10','회원-내국인','F','30대',3
'2018-01-10','회원-내국인','M','30대',16
'2018-01-10','회원-내국인','F','40대',5
'2018-01-10','회원-내국인','M','40대',14
'2018-01-10','회원-내국인','F','50대',2
'2018-01-10','회원-내국인','M','50대',3
'2018-01-10','회원-내국인','M','60대',1
'2018-01-10','회원-내국인','M','70대~',1
'2018-01-11','회원-내국인','F','~10대',1
'2018-01-11','회원-내국인','F','20대',13
'2018-01-11','회원-내국인','M','20대',28
'2018-01-11','회원-내국인','F','30대',6
'2018-01-11','회원-내국인','M','30대',8
'2018-01-11','회원-내국인','F','40대',2
'2018-01-11','회원-내국인','M','40대',9
'2018-01-11','회원-내국인','F','50대',1
'2018-01-11','회원-내국인','M','50대',4
'2018-01-11','회원-내국인','F','60대',1
'2018-01-11','회원-내국인','M','60대',1
'2018-01-11','회원-내국인','M','70대~',2
'2018-01-12','회원-내국인','F','20대',14
'2018-01-12','회원-내국인','M','20대',20
'2018-01-12','회원-내국인','F','30대',3
'2018-01-12','회원-내국인','M','30대',10
'2018-01-12','회원-내국인','F','40대',3
'2018-01-12','회원-내국인','M','40대',17
'2018-01-12','회원-내국인','F','50대',2
'2018-01-12','회원-내국인','M','50대',6
'2018-01-12','회원-내국인','F','60대',1
'2018-01-12','회원-내국인','M','60대',3
'2018-01-13','회원-내국인','F','~10대',2
'2018-01-13','회원-내국인','M','~10대',6
'2018-01-13','회원-내국인','F','20대',20
'2018-01-13','회원-내국인','M','20대',18
'2018-01-13','회원-내국인','F','30대',7
'2018-01-13','회원-내국인','M','30대',16
'2018-01-13','회원-내국인','F','40대',4
'2018-01-13','회원-내국인','M','40대',7
'2018-01-13','회원-내국인','F','50대',5
'2018-01-13','회원-내국인','M','50대',2
'2018-01-13','회원-내국인','M','60대',2
'2018-01-14','회원-내국인','F','~10대',6
'2018-01-14','회원-내국인','M','~10대',4
'2018-01-14','회원-내국인','F','20대',51
'2018-01-14','회원-내국인','M','20대',66
'2018-01-14','회원-내국인','F','30대',29
'2018-01-14','회원-내국인','M','30대',34
'2018-01-14','회원-내국인','F','40대',11
'2018-01-14','회원-내국인','M','40대',13
'2018-01-14','회원-내국인','F','50대',7
'2018-01-14','회원-내국인','M','50대',10
'2018-01-14','회원-내국인','F','60대',1
'2018-01-14','회원-내국인','M','60대',2
'2018-01-14','회원-내국인','F','70대~',1
'2018-01-15','회원-내국인','F','~10대',6
'2018-01-15','회원-내국인','M','~10대',4
'2018-01-15','회원-내국인','F','20대',49
'2018-01-15','회원-내국인','M','20대',61
'2018-01-15','회원-내국인','F','30대',8
'2018-01-15','회원-내국인','M','30대',26
'2018-01-15','회원-내국인','F','40대',7
'2018-01-15','회원-내국인','M','40대',16
'2018-01-15','회원-내국인','F','50대',2
'2018-01-15','회원-내국인','M','50대',14
'2018-01-15','회원-내국인','M','60대',1
'2018-01-15','회원-내국인','F','70대~',1
'2018-01-16','회원-내국인','F','~10대',3
'2018-01-16','회원-내국인','M','~10대',11
'2018-01-16','회원-내국인','F','20대',47
'2018-01-16','회원-내국인','M','20대',40
'2018-01-16','회원-내국인','F','30대',19
'2018-01-16','회원-내국인','M','30대',38
'2018-01-16','회원-내국인','F','40대',5
'2018-01-16','회원-내국인','M','40대',19
'2018-01-16','회원-내국인','F','50대',9
'2018-01-16','회원-내국인','M','50대',9
'2018-01-16','회원-내국인','F','60대',1
'2018-01-16','회원-내국인','M','60대',1
'2018-01-17','회원-내국인','F','~10대',6
'2018-01-17','회원-내국인','M','~10대',6
'2018-01-17','회원-내국인','F','20대',53
'2018-01-17','회원-내국인','M','20대',59
'2018-01-17','회원-내국인','F','30대',10
'2018-01-17','회원-내국인','M','30대',25
'2018-01-17','회원-내국인','F','40대',7
'2018-01-17','회원-내국인','M','40대',26
'2018-01-17','회원-내국인','F','50대',3
'2018-01-17','회원-내국인','M','50대',7
'2018-01-17','회원-내국인','M','60대',2
'2018-01-17','회원-내국인','M','70대~',1
'2018-01-18','회원-내국인','F','~10대',4
'2018-01-18','회원-내국인','M','~10대',5
'2018-01-18','회원-내국인','F','20대',37
'2018-01-18','회원-내국인','M','20대',51
'2018-01-18','회원-내국인','F','30대',8
'2018-01-18','회원-내국인','M','30대',21
'2018-01-18','회원-내국인','F','40대',11
'2018-01-18','회원-내국인','M','40대',22
'2018-01-18','회원-내국인','F','50대',7
'2018-01-18','회원-내국인','M','50대',10
'2018-01-18','회원-내국인','M','60대',2
'2018-01-18','회원-내국인','M','70대~',1
'2018-01-19','회원-내국인','F','~10대',7
'2018-01-19','회원-내국인','M','~10대',1
'2018-01-19','회원-내국인','F','20대',45
'2018-01-19','회원-내국인','M','20대',60
'2018-01-19','회원-내국인','F','30대',14
'2018-01-19','회원-내국인','M','30대',23
'2018-01-19','회원-내국인','F','40대',13
'2018-01-19','회원-내국인','M','40대',24
'2018-01-19','회원-내국인','F','50대',3
'2018-01-19','회원-내국인','M','50대',6
'2018-01-19','회원-내국인','F','60대',1
'2018-01-19','회원-내국인','M','60대',4
'2018-01-20','회원-내국인','F','~10대',5
'2018-01-20','회원-내국인','M','~10대',4
'2018-01-20','회원-내국인','F','20대',62
'2018-01-20','회원-내국인','M','20대',65
'2018-01-20','회원-내국인','F','30대',25
'2018-01-20','회원-내국인','M','30대',31
'2018-01-20','회원-내국인','F','40대',16
'2018-01-20','회원-내국인','M','40대',19
'2018-01-20','회원-내국인','F','50대',6
'2018-01-20','회원-내국인','M','50대',11
'2018-01-20','회원-내국인','F','60대',4
'2018-01-20','회원-내국인','M','60대',5
'2018-01-21','회원-내국인','F','~10대',9
'2018-01-21','회원-내국인','M','~10대',3
'2018-01-21','회원-내국인','F','20대',52
'2018-01-21','회원-내국인','M','20대',70
'2018-01-21','회원-내국인','F','30대',26
'2018-01-21','회원-내국인','M','30대',37
'2018-01-21','회원-내국인','F','40대',22
'2018-01-21','회원-내국인','M','40대',24
'2018-01-21','회원-내국인','F','50대',6
'2018-01-21','회원-내국인','M','50대',12
'2018-01-21','회원-내국인','F','60대',2
'2018-01-21','회원-내국인','M','60대',2
'2018-01-21','회원-내국인','M','70대~',1
'2018-01-22','회원-내국인','F','~10대',3
'2018-01-22','회원-내국인','M','~10대',1
'2018-01-22','회원-내국인','F','20대',33
'2018-01-22','회원-내국인','M','20대',28
'2018-01-22','회원-내국인','F','30대',19
'2018-01-22','회원-내국인','M','30대',24
'2018-01-22','회원-내국인','F','40대',7
'2018-01-22','회원-내국인','M','40대',16
'2018-01-22','회원-내국인','F','50대',4
'2018-01-22','회원-내국인','M','50대',8
'2018-01-22','회원-내국인','M','60대',3
'2018-01-23','회원-내국인','M','~10대',2
'2018-01-23','회원-내국인','F','20대',13
'2018-01-23','회원-내국인','M','20대',21
'2018-01-23','회원-내국인','F','30대',4
'2018-01-23','회원-내국인','M','30대',14
'2018-01-23','회원-내국인','F','40대',1
'2018-01-23','회원-내국인','M','40대',8
'2018-01-23','회원-내국인','F','50대',2
'2018-01-23','회원-내국인','M','50대',2
'2018-01-23','회원-내국인','F','60대',1
'2018-01-23','회원-내국인','M','60대',1
'2018-01-24','회원-내국인','F','20대',14
'2018-01-24','회원-내국인','M','20대',17
'2018-01-24','회원-내국인','F','30대',7
'2018-01-24','회원-내국인','M','30대',11
'2018-01-24','회원-내국인','F','40대',1
'2018-01-24','회원-내국인','M','40대',7
'2018-01-24','회원-내국인','F','50대',2
'2018-01-24','회원-내국인','M','50대',3
'2018-01-24','회원-내국인','M','60대',2
'2018-01-25','회원-내국인','F','~10대',1
'2018-01-25','회원-내국인','M','~10대',1
'2018-01-25','회원-내국인','F','20대',14
'2018-01-25','회원-내국인','M','20대',12
'2018-01-25','회원-내국인','F','30대',2
'2018-01-25','회원-내국인','M','30대',9
'2018-01-25','회원-내국인','F','40대',3
'2018-01-25','회원-내국인','M','40대',7
'2018-01-25','회원-내국인','F','50대',2
'2018-01-25','회원-내국인','M','50대',2
'2018-01-25','회원-내국인','M','60대',2
'2018-01-25','회원-내국인','M','70대~',1
'2018-01-26','회원-내국인','F','~10대',1
'2018-01-26','회원-내국인','M','~10대',1
'2018-01-26','회원-내국인','F','20대',7
'2018-01-26','회원-내국인','M','20대',12
'2018-01-26','회원-내국인','F','30대',2
'2018-01-26','회원-내국인','M','30대',7
'2018-01-26','회원-내국인','F','40대',1
'2018-01-26','회원-내국인','M','40대',6
'2018-01-26','회원-내국인','F','50대',1
'2018-01-26','회원-내국인','M','50대',3
'2018-01-26','회원-내국인','F','60대',1
'2018-01-27','회원-내국인','F','~10대',1
'2018-01-27','회원-내국인','M','~10대',2
'2018-01-27','회원-내국인','F','20대',20
'2018-01-27','회원-내국인','M','20대',19
'2018-01-27','회원-내국인','F','30대',10
'2018-01-27','회원-내국인','M','30대',14
'2018-01-27','회원-내국인','F','40대',4
'2018-01-27','회원-내국인','M','40대',17
'2018-01-27','회원-내국인','F','50대',3
'2018-01-27','회원-내국인','M','50대',3
'2018-01-27','회원-내국인','F','60대',1
'2018-01-27','회원-내국인','M','60대',4
'2018-01-27','회원-내국인','M','70대~',1
'2018-01-28','회원-내국인','F','~10대',3
'2018-01-28','회원-내국인','M','~10대',4
'2018-01-28','회원-내국인','F','20대',26
'2018-01-28','회원-내국인','M','20대',28
'2018-01-28','회원-내국인','F','30대',8
'2018-01-28','회원-내국인','M','30대',25
'2018-01-28','회원-내국인','F','40대',4
'2018-01-28','회원-내국인','M','40대',9
'2018-01-28','회원-내국인','F','50대',4
'2018-01-28','회원-내국인','M','50대',5
'2018-01-28','회원-내국인','M','60대',3
'2018-01-28','회원-내국인','F','70대~',1
'2018-01-29','회원-내국인','F','~10대',1
'2018-01-29','회원-내국인','M','~10대',1
'2018-01-29','회원-내국인','F','20대',15
'2018-01-29','회원-내국인','M','20대',23
'2018-01-29','회원-내국인','F','30대',7
'2018-01-29','회원-내국인','M','30대',13
'2018-01-29','회원-내국인','F','40대',5
'2018-01-29','회원-내국인','M','40대',8
'2018-01-29','회원-내국인','F','50대',5
'2018-01-29','회원-내국인','M','50대',6
'2018-01-29','회원-내국인','F','60대',1
'2018-01-29','회원-내국인','M','60대',1
'2018-01-30','회원-내국인','M','~10대',2
'2018-01-30','회원-내국인','F','20대',19
'2018-01-30','회원-내국인','M','20대',18
'2018-01-30','회원-내국인','F','30대',4
'2018-01-30','회원-내국인','M','30대',13
'2018-01-30','회원-내국인','F','40대',4
'2018-01-30','회원-내국인','M','40대',15
'2018-01-30','회원-내국인','F','50대',2
'2018-01-30','회원-내국인','M','50대',1
'2018-01-30','회원-내국인','M','60대',1
'2018-01-31','회원-내국인','F','~10대',2
'2018-01-31','회원-내국인','M','~10대',3
'2018-01-31','회원-내국인','F','20대',23
'2018-01-31','회원-내국인','M','20대',22
'2018-01-31','회원-내국인','F','30대',6
'2018-01-31','회원-내국인','M','30대',19
'2018-01-31','회원-내국인','F','40대',5
'2018-01-31','회원-내국인','M','40대',16
'2018-01-31','회원-내국인','F','50대',1
'2018-01-31','회원-내국인','M','50대',1
'2018-01-31','회원-내국인','F','60대',1
'2018-01-31','회원-내국인','M','60대',4
'2018-02-01','회원-내국인','F','~10대',1
'2018-02-01','회원-내국인','M','~10대',1
'2018-02-01','회원-내국인','F','20대',27
'2018-02-01','회원-내국인','M','20대',25
'2018-02-01','회원-내국인','F','30대',13
'2018-02-01','회원-내국인','M','30대',10
'2018-02-01','회원-내국인','F','40대',4
'2018-02-01','회원-내국인','M','40대',14
'2018-02-01','회원-내국인','F','50대',2
'2018-02-01','회원-내국인','M','50대',5
'2018-02-01','회원-내국인','F','60대',1
'2018-02-01','회원-내국인','F','70대~',1
'2018-02-02','회원-내국인','F','~10대',4
'2018-02-02','회원-내국인','M','~10대',4
'2018-02-02','회원-내국인','F','20대',33
'2018-02-02','회원-내국인','M','20대',39
'2018-02-02','회원-내국인','F','30대',10
'2018-02-02','회원-내국인','M','30대',19
'2018-02-02','회원-내국인','F','40대',6
'2018-02-02','회원-내국인','M','40대',15
'2018-02-02','회원-내국인','F','50대',3
'2018-02-02','회원-내국인','M','50대',10
'2018-02-03','회원-내국인','F','~10대',5
'2018-02-03','회원-내국인','M','~10대',3
'2018-02-03','회원-내국인','F','20대',24
'2018-02-03','회원-내국인','M','20대',36
'2018-02-03','회원-내국인','F','30대',9
'2018-02-03','회원-내국인','M','30대',21
'2018-02-03','회원-내국인','F','40대',2
'2018-02-03','회원-내국인','M','40대',8
'2018-02-03','회원-내국인','M','50대',7
'2018-02-03','회원-내국인','M','60대',1
'2018-02-03','회원-내국인','F','70대~',1
'2018-02-03','회원-내국인','M','70대~',1
'2018-02-04','회원-내국인','F','~10대',4
'2018-02-04','회원-내국인','M','~10대',1
'2018-02-04','회원-내국인','F','20대',23
'2018-02-04','회원-내국인','M','20대',14
'2018-02-04','회원-내국인','F','30대',11
'2018-02-04','회원-내국인','M','30대',17
'2018-02-04','회원-내국인','F','40대',7
'2018-02-04','회원-내국인','M','40대',12
'2018-02-04','회원-내국인','F','50대',5
'2018-02-04','회원-내국인','M','50대',7
'2018-02-04','회원-내국인','M','60대',4
'2018-02-05','회원-내국인','F','20대',21
'2018-02-05','회원-내국인','M','20대',22
'2018-02-05','회원-내국인','F','30대',5
'2018-02-05','회원-내국인','M','30대',20
'2018-02-05','회원-내국인','F','40대',3
'2018-02-05','회원-내국인','M','40대',12
'2018-02-05','회원-내국인','F','50대',3
'2018-02-05','회원-내국인','M','50대',2
'2018-02-05','회원-내국인','M','60대',1
'2018-02-06','회원-내국인','M','~10대',3
'2018-02-06','회원-내국인','F','20대',17
'2018-02-06','회원-내국인','M','20대',12
'2018-02-06','회원-내국인','F','30대',4
'2018-02-06','회원-내국인','M','30대',10
'2018-02-06','회원-내국인','F','40대',3
'2018-02-06','회원-내국인','M','40대',10
'2018-02-06','회원-내국인','F','50대',2
'2018-02-06','회원-내국인','M','50대',4
'2018-02-06','회원-내국인','M','60대',1
'2018-02-06','회원-내국인','M','70대~',1
'2018-02-07','회원-내국인','M','~10대',2
'2018-02-07','회원-내국인','F','20대',22
'2018-02-07','회원-내국인','M','20대',27
'2018-02-07','회원-내국인','F','30대',9
'2018-02-07','회원-내국인','M','30대',12
'2018-02-07','회원-내국인','F','40대',4
'2018-02-07','회원-내국인','M','40대',8
'2018-02-07','회원-내국인','M','50대',5
'2018-02-07','회원-내국인','M','60대',3
'2018-02-08','회원-내국인','F','~10대',4
'2018-02-08','회원-내국인','M','~10대',3
'2018-02-08','회원-내국인','F','20대',37
'2018-02-08','회원-내국인','M','20대',38
'2018-02-08','회원-내국인','F','30대',18
'2018-02-08','회원-내국인','M','30대',22
'2018-02-08','회원-내국인','F','40대',2
'2018-02-08','회원-내국인','M','40대',8
'2018-02-08','회원-내국인','F','50대',4
'2018-02-08','회원-내국인','M','50대',9
'2018-02-08','회원-내국인','F','60대',1
'2018-02-08','회원-내국인','M','60대',2
'2018-02-08','회원-내국인','F','70대~',1
'2018-02-08','회원-내국인','M','70대~',1
'2018-02-09','회원-내국인','F','~10대',4
'2018-02-09','회원-내국인','M','~10대',1
'2018-02-09','회원-내국인','F','20대',39
'2018-02-09','회원-내국인','M','20대',34
'2018-02-09','회원-내국인','F','30대',13
'2018-02-09','회원-내국인','M','30대',24
'2018-02-09','회원-내국인','F','40대',4
'2018-02-09','회원-내국인','M','40대',15
'2018-02-09','회원-내국인','F','50대',5
'2018-02-09','회원-내국인','M','50대',4
'2018-02-09','회원-내국인','M','60대',2
'2018-02-09','회원-내국인','M','70대~',2
'2018-02-10','회원-내국인','F','~10대',7
'2018-02-10','회원-내국인','M','~10대',5
'2018-02-10','회원-내국인','F','20대',29
'2018-02-10','회원-내국인','M','20대',47
'2018-02-10','회원-내국인','F','30대',15
'2018-02-10','회원-내국인','M','30대',28
'2018-02-10','회원-내국인','F','40대',7
'2018-02-10','회원-내국인','M','40대',15
'2018-02-10','회원-내국인','F','50대',5
'2018-02-10','회원-내국인','M','50대',11
'2018-02-11','회원-내국인','M','~10대',4
'2018-02-11','회원-내국인','F','20대',30
'2018-02-11','회원-내국인','M','20대',14
'2018-02-11','회원-내국인','F','30대',12
'2018-02-11','회원-내국인','M','30대',20
'2018-02-11','회원-내국인','F','40대',6
'2018-02-11','회원-내국인','M','40대',9
'2018-02-11','회원-내국인','F','50대',3
'2018-02-11','회원-내국인','M','50대',9
'2018-02-11','회원-내국인','F','60대',2
'2018-02-11','회원-내국인','M','60대',2
'2018-02-12','회원-내국인','F','~10대',9
'2018-02-12','회원-내국인','M','~10대',2
'2018-02-12','회원-내국인','F','20대',21
'2018-02-12','회원-내국인','M','20대',30
'2018-02-12','회원-내국인','F','30대',12
'2018-02-12','회원-내국인','M','30대',16
'2018-02-12','회원-내국인','F','40대',4
'2018-02-12','회원-내국인','M','40대',10
'2018-02-12','회원-내국인','F','50대',1
'2018-02-12','회원-내국인','M','50대',3
'2018-02-12','회원-내국인','F','70대~',1
'2018-02-13','회원-내국인','F','~10대',5
'2018-02-13','회원-내국인','M','~10대',8
'2018-02-13','회원-내국인','F','20대',42
'2018-02-13','회원-내국인','M','20대',45
'2018-02-13','회원-내국인','F','30대',14
'2018-02-13','회원-내국인','M','30대',15
'2018-02-13','회원-내국인','F','40대',6
'2018-02-13','회원-내국인','M','40대',14
'2018-02-13','회원-내국인','F','50대',5
'2018-02-13','회원-내국인','M','50대',6
'2018-02-13','회원-내국인','F','60대',1
'2018-02-13','회원-내국인','M','60대',2
'2018-02-13','회원-내국인','M','70대~',2
'2018-02-14','회원-내국인','F','~10대',8
'2018-02-14','회원-내국인','M','~10대',3
'2018-02-14','회원-내국인','F','20대',64
'2018-02-14','회원-내국인','M','20대',63
'2018-02-14','회원-내국인','F','30대',23
'2018-02-14','회원-내국인','M','30대',29
'2018-02-14','회원-내국인','F','40대',12
'2018-02-14','회원-내국인','M','40대',16
'2018-02-14','회원-내국인','F','50대',4
'2018-02-14','회원-내국인','M','50대',12
'2018-02-14','회원-내국인','M','60대',2
'2018-02-14','회원-내국인','F','70대~',1
'2018-02-15','회원-내국인','F','~10대',11
'2018-02-15','회원-내국인','M','~10대',18
'2018-02-15','회원-내국인','F','20대',48
'2018-02-15','회원-내국인','M','20대',48
'2018-02-15','회원-내국인','F','30대',15
'2018-02-15','회원-내국인','M','30대',23
'2018-02-15','회원-내국인','F','40대',9
'2018-02-15','회원-내국인','M','40대',23
'2018-02-15','회원-내국인','F','50대',6
'2018-02-15','회원-내국인','M','50대',7
'2018-02-15','회원-내국인','F','60대',1
'2018-02-15','회원-내국인','M','60대',4
'2018-02-16','회원-내국인','F','~10대',8
'2018-02-16','회원-내국인','M','~10대',8
'2018-02-16','회원-내국인','F','20대',66
'2018-02-16','회원-내국인','M','20대',50
'2018-02-16','회원-내국인','F','30대',24
'2018-02-16','회원-내국인','M','30대',26
'2018-02-16','회원-내국인','F','40대',24
'2018-02-16','회원-내국인','M','40대',30
'2018-02-16','회원-내국인','F','50대',5
'2018-02-16','회원-내국인','M','50대',8
'2018-02-16','회원-내국인','F','60대',2
'2018-02-16','회원-내국인','M','60대',2
'2018-02-16','회원-내국인','F','70대~',1
'2018-02-17','회원-내국인','F','~10대',10
'2018-02-17','회원-내국인','M','~10대',2
'2018-02-17','회원-내국인','F','20대',69
'2018-02-17','회원-내국인','M','20대',56
'2018-02-17','회원-내국인','F','30대',28
'2018-02-17','회원-내국인','M','30대',35
'2018-02-17','회원-내국인','F','40대',21
'2018-02-17','회원-내국인','M','40대',25
'2018-02-17','회원-내국인','F','50대',11
'2018-02-17','회원-내국인','M','50대',14
'2018-02-17','회원-내국인','F','60대',4
'2018-02-17','회원-내국인','M','60대',3
'2018-02-17','회원-내국인','F','70대~',2
'2018-02-17','회원-내국인','M','70대~',1
'2018-02-18','회원-내국인','F','~10대',10
'2018-02-18','회원-내국인','M','~10대',10
'2018-02-18','회원-내국인','F','20대',104
'2018-02-18','회원-내국인','M','20대',68
'2018-02-18','회원-내국인','F','30대',39
'2018-02-18','회원-내국인','M','30대',53
'2018-02-18','회원-내국인','F','40대',18
'2018-02-18','회원-내국인','M','40대',29
'2018-02-18','회원-내국인','F','50대',11
'2018-02-18','회원-내국인','M','50대',12
'2018-02-18','회원-내국인','F','60대',5
'2018-02-18','회원-내국인','M','60대',5
'2018-02-18','회원-내국인','F','70대~',1
'2018-02-18','회원-내국인','M','70대~',1
'2018-02-19','회원-내국인','F','~10대',11
'2018-02-19','회원-내국인','M','~10대',7
'2018-02-19','회원-내국인','F','20대',103
'2018-02-19','회원-내국인','M','20대',99
'2018-02-19','회원-내국인','F','30대',23
'2018-02-19','회원-내국인','M','30대',62
'2018-02-19','회원-내국인','F','40대',18
'2018-02-19','회원-내국인','M','40대',27
'2018-02-19','회원-내국인','F','50대',6
'2018-02-19','회원-내국인','M','50대',10
'2018-02-19','회원-내국인','F','60대',1
'2018-02-19','회원-내국인','M','60대',10
'2018-02-19','회원-내국인','F','70대~',2
'2018-02-19','회원-내국인','M','70대~',2
'2018-02-20','회원-내국인','F','~10대',9
'2018-02-20','회원-내국인','M','~10대',6
'2018-02-20','회원-내국인','F','20대',84
'2018-02-20','회원-내국인','M','20대',79
'2018-02-20','회원-내국인','F','30대',39
'2018-02-20','회원-내국인','M','30대',50
'2018-02-20','회원-내국인','F','40대',13
'2018-02-20','회원-내국인','M','40대',27
'2018-02-20','회원-내국인','F','50대',14
'2018-02-20','회원-내국인','M','50대',10
'2018-02-20','회원-내국인','F','60대',4
'2018-02-20','회원-내국인','M','60대',5
'2018-02-21','회원-내국인','F','~10대',7
'2018-02-21','회원-내국인','M','~10대',5
'2018-02-21','회원-내국인','F','20대',78
'2018-02-21','회원-내국인','M','20대',67
'2018-02-21','회원-내국인','F','30대',25
'2018-02-21','회원-내국인','M','30대',25
'2018-02-21','회원-내국인','F','40대',17
'2018-02-21','회원-내국인','M','40대',29
'2018-02-21','회원-내국인','F','50대',8
'2018-02-21','회원-내국인','M','50대',9
'2018-02-21','회원-내국인','F','60대',2
'2018-02-21','회원-내국인','M','60대',6
'2018-02-21','회원-내국인','F','70대~',2
'2018-02-22','회원-내국인','F','~10대',8
'2018-02-22','회원-내국인','M','~10대',5
'2018-02-22','회원-내국인','F','20대',66
'2018-02-22','회원-내국인','M','20대',63
'2018-02-22','회원-내국인','F','30대',17
'2018-02-22','회원-내국인','M','30대',21
'2018-02-22','회원-내국인','F','40대',13
'2018-02-22','회원-내국인','M','40대',20
'2018-02-22','회원-내국인','F','50대',5
'2018-02-22','회원-내국인','M','50대',15
'2018-02-22','회원-내국인','F','60대',2
'2018-02-22','회원-내국인','M','60대',2
'2018-02-22','회원-내국인','F','70대~',1
'2018-02-22','회원-내국인','M','70대~',1
'2018-02-23','회원-내국인','F','~10대',5
'2018-02-23','회원-내국인','M','~10대',2
'2018-02-23','회원-내국인','F','20대',59
'2018-02-23','회원-내국인','M','20대',62
'2018-02-23','회원-내국인','F','30대',21
'2018-02-23','회원-내국인','M','30대',29
'2018-02-23','회원-내국인','F','40대',7
'2018-02-23','회원-내국인','M','40대',16
'2018-02-23','회원-내국인','F','50대',9
'2018-02-23','회원-내국인','M','50대',13
'2018-02-23','회원-내국인','F','60대',2
'2018-02-23','회원-내국인','F','70대~',1
'2018-02-24','회원-내국인','F','~10대',11
'2018-02-24','회원-내국인','M','~10대',9
'2018-02-24','회원-내국인','F','20대',109
'2018-02-24','회원-내국인','M','20대',100
'2018-02-24','회원-내국인','F','30대',43
'2018-02-24','회원-내국인','M','30대',41
'2018-02-24','회원-내국인','F','40대',19
'2018-02-24','회원-내국인','M','40대',29
'2018-02-24','회원-내국인','F','50대',9
'2018-02-24','회원-내국인','M','50대',18
'2018-02-24','회원-내국인','F','60대',2
'2018-02-24','회원-내국인','M','60대',3
'2018-02-25','회원-내국인','F','~10대',8
'2018-02-25','회원-내국인','M','~10대',15
'2018-02-25','회원-내국인','F','20대',158
'2018-02-25','회원-내국인','M','20대',140
'2018-02-25','회원-내국인','F','30대',38
'2018-02-25','회원-내국인','M','30대',83
'2018-02-25','회원-내국인','F','40대',30
'2018-02-25','회원-내국인','M','40대',60
'2018-02-25','회원-내국인','F','50대',14
'2018-02-25','회원-내국인','M','50대',14
'2018-02-25','회원-내국인','F','60대',1
'2018-02-25','회원-내국인','M','60대',2
'2018-02-26','회원-내국인','F','~10대',27
'2018-02-26','회원-내국인','M','~10대',11
'2018-02-26','회원-내국인','F','20대',149
'2018-02-26','회원-내국인','M','20대',138
'2018-02-26','회원-내국인','F','30대',48
'2018-02-26','회원-내국인','M','30대',69
'2018-02-26','회원-내국인','F','40대',28
'2018-02-26','회원-내국인','M','40대',37
'2018-02-26','회원-내국인','F','50대',9
'2018-02-26','회원-내국인','M','50대',12
'2018-02-26','회원-내국인','F','60대',2
'2018-02-26','회원-내국인','M','60대',6
'2018-02-26','회원-내국인','M','70대~',2
'2018-02-27','회원-내국인','F','~10대',10
'2018-02-27','회원-내국인','M','~10대',10
'2018-02-27','회원-내국인','F','20대',84
'2018-02-27','회원-내국인','M','20대',94
'2018-02-27','회원-내국인','F','30대',36
'2018-02-27','회원-내국인','M','30대',51
'2018-02-27','회원-내국인','F','40대',16
'2018-02-27','회원-내국인','M','40대',35
'2018-02-27','회원-내국인','F','50대',6
'2018-02-27','회원-내국인','M','50대',18
'2018-02-27','회원-내국인','F','60대',5
'2018-02-27','회원-내국인','M','60대',3
'2018-02-27','회원-내국인','M','70대~',1
'2018-02-28','회원-내국인','F','~10대',8
'2018-02-28','회원-내국인','M','~10대',6
'2018-02-28','회원-내국인','F','20대',49
'2018-02-28','회원-내국인','M','20대',46
'2018-02-28','회원-내국인','F','30대',16
'2018-02-28','회원-내국인','M','30대',23
'2018-02-28','회원-내국인','F','40대',9
'2018-02-28','회원-내국인','M','40대',28
'2018-02-28','회원-내국인','F','50대',10
'2018-02-28','회원-내국인','M','50대',13
'2018-02-28','회원-내국인','F','60대',2
'2018-02-28','회원-내국인','M','60대',3
'2018-03-01','회원-내국인','F','~10대',11
'2018-03-01','회원-내국인','M','~10대',7
'2018-03-01','회원-내국인','F','20대',109
'2018-03-01','회원-내국인','M','20대',100
'2018-03-01','회원-내국인','F','30대',41
'2018-03-01','회원-내국인','M','30대',61
'2018-03-01','회원-내국인','F','40대',20
'2018-03-01','회원-내국인','M','40대',40
'2018-03-01','회원-내국인','F','50대',12
'2018-03-01','회원-내국인','M','50대',12
'2018-03-01','회원-내국인','F','60대',1
'2018-03-01','회원-내국인','M','60대',4
'2018-03-01','회원-내국인','F','70대~',1
'2018-03-01','회원-내국인','M','70대~',1
'2018-03-02','회원-내국인','F','~10대',4
'2018-03-02','회원-내국인','M','~10대',9
'2018-03-02','회원-내국인','F','20대',110
'2018-03-02','회원-내국인','M','20대',112
'2018-03-02','회원-내국인','F','30대',52
'2018-03-02','회원-내국인','M','30대',49
'2018-03-02','회원-내국인','F','40대',17
'2018-03-02','회원-내국인','M','40대',35
'2018-03-02','회원-내국인','F','50대',11
'2018-03-02','회원-내국인','M','50대',18
'2018-03-02','회원-내국인','F','60대',2
'2018-03-02','회원-내국인','M','60대',2
'2018-03-02','회원-내국인','M','70대~',1
'2018-03-03','회원-내국인','F','~10대',54
'2018-03-03','회원-내국인','M','~10대',24
'2018-03-03','회원-내국인','F','20대',538
'2018-03-03','회원-내국인','M','20대',430
'2018-03-03','회원-내국인','F','30대',149
'2018-03-03','회원-내국인','M','30대',190
'2018-03-03','회원-내국인','F','40대',81
'2018-03-03','회원-내국인','M','40대',110
'2018-03-03','회원-내국인','F','50대',27
'2018-03-03','회원-내국인','M','50대',29
'2018-03-03','회원-내국인','F','60대',5
'2018-03-03','회원-내국인','M','60대',6
'2018-03-03','회원-내국인','F','70대~',5
'2018-03-03','회원-내국인','M','70대~',1
'2018-03-04','회원-내국인','F','~10대',20
'2018-03-04','회원-내국인','M','~10대',16
'2018-03-04','회원-내국인','F','20대',185
'2018-03-04','회원-내국인','M','20대',112
'2018-03-04','회원-내국인','F','30대',63
'2018-03-04','회원-내국인','M','30대',97
'2018-03-04','회원-내국인','F','40대',59
'2018-03-04','회원-내국인','M','40대',127
'2018-03-04','회원-내국인','F','50대',29
'2018-03-04','회원-내국인','M','50대',79
'2018-03-04','회원-내국인','F','60대',8
'2018-03-04','회원-내국인','M','60대',19
'2018-03-04','회원-내국인','F','70대~',2
'2018-03-04','회원-내국인','M','70대~',2
'2018-03-05','회원-내국인','F','~10대',12
'2018-03-05','회원-내국인','M','~10대',8
'2018-03-05','회원-내국인','F','20대',248
'2018-03-05','회원-내국인','M','20대',169
'2018-03-05','회원-내국인','F','30대',75
'2018-03-05','회원-내국인','M','30대',68
'2018-03-05','회원-내국인','F','40대',36
'2018-03-05','회원-내국인','M','40대',40
'2018-03-05','회원-내국인','F','50대',10
'2018-03-05','회원-내국인','M','50대',25
'2018-03-05','회원-내국인','F','60대',5
'2018-03-05','회원-내국인','M','60대',9
'2018-03-05','회원-내국인','F','70대~',1
'2018-03-06','회원-내국인','F','~10대',14
'2018-03-06','회원-내국인','M','~10대',8
'2018-03-06','회원-내국인','F','20대',262
'2018-03-06','회원-내국인','M','20대',162
'2018-03-06','회원-내국인','F','30대',69
'2018-03-06','회원-내국인','M','30대',85
'2018-03-06','회원-내국인','F','40대',25
'2018-03-06','회원-내국인','M','40대',66
'2018-03-06','회원-내국인','F','50대',16
'2018-03-06','회원-내국인','M','50대',31
'2018-03-06','회원-내국인','F','60대',2
'2018-03-06','회원-내국인','M','60대',5
'2018-03-06','회원-내국인','F','70대~',1
'2018-03-06','회원-내국인','M','70대~',3
'2018-03-07','회원-내국인','F','~10대',9
'2018-03-07','회원-내국인','M','~10대',5
'2018-03-07','회원-내국인','F','20대',159
'2018-03-07','회원-내국인','M','20대',122
'2018-03-07','회원-내국인','F','30대',64
'2018-03-07','회원-내국인','M','30대',72
'2018-03-07','회원-내국인','F','40대',41
'2018-03-07','회원-내국인','M','40대',51
'2018-03-07','회원-내국인','F','50대',20
'2018-03-07','회원-내국인','M','50대',26
'2018-03-07','회원-내국인','M','60대',7
'2018-03-08','회원-내국인','F','~10대',7
'2018-03-08','회원-내국인','M','~10대',11
'2018-03-08','회원-내국인','F','20대',136
'2018-03-08','회원-내국인','M','20대',96
'2018-03-08','회원-내국인','F','30대',54
'2018-03-08','회원-내국인','M','30대',81
'2018-03-08','회원-내국인','F','40대',29
'2018-03-08','회원-내국인','M','40대',42
'2018-03-08','회원-내국인','F','50대',6
'2018-03-08','회원-내국인','M','50대',28
'2018-03-08','회원-내국인','F','60대',1
'2018-03-08','회원-내국인','M','60대',1
'2018-03-08','회원-내국인','F','70대~',1
'2018-03-09','회원-내국인','F','~10대',11
'2018-03-09','회원-내국인','M','~10대',6
'2018-03-09','회원-내국인','F','20대',164
'2018-03-09','회원-내국인','M','20대',144
'2018-03-09','회원-내국인','F','30대',66
'2018-03-09','회원-내국인','M','30대',68
'2018-03-09','회원-내국인','F','40대',28
'2018-03-09','회원-내국인','M','40대',59
'2018-03-09','회원-내국인','F','50대',21
'2018-03-09','회원-내국인','M','50대',19
'2018-03-09','회원-내국인','F','60대',2
'2018-03-09','회원-내국인','M','60대',8
'2018-03-09','회원-내국인','F','70대~',1
'2018-03-09','회원-내국인','M','70대~',1
'2018-03-10','회원-내국인','F','~10대',26
'2018-03-10','회원-내국인','M','~10대',18
'2018-03-10','회원-내국인','F','20대',312
'2018-03-10','회원-내국인','M','20대',239
'2018-03-10','회원-내국인','F','30대',104
'2018-03-10','회원-내국인','M','30대',118
'2018-03-10','회원-내국인','F','40대',56
'2018-03-10','회원-내국인','M','40대',77
'2018-03-10','회원-내국인','F','50대',30
'2018-03-10','회원-내국인','M','50대',33
'2018-03-10','회원-내국인','F','60대',5
'2018-03-10','회원-내국인','M','60대',4
'2018-03-10','회원-내국인','F','70대~',2
'2018-03-10','회원-내국인','M','70대~',2
'2018-03-11','회원-내국인','F','~10대',38
'2018-03-11','회원-내국인','M','~10대',28
'2018-03-11','회원-내국인','F','20대',450
'2018-03-11','회원-내국인','M','20대',410
'2018-03-11','회원-내국인','F','30대',173
'2018-03-11','회원-내국인','M','30대',218
'2018-03-11','회원-내국인','F','40대',83
'2018-03-11','회원-내국인','M','40대',123
'2018-03-11','회원-내국인','F','50대',32
'2018-03-11','회원-내국인','M','50대',36
'2018-03-11','회원-내국인','F','60대',10
'2018-03-11','회원-내국인','M','60대',11
'2018-03-11','회원-내국인','F','70대~',4
'2018-03-11','회원-내국인','M','70대~',1
'2018-03-12','회원-내국인','F','~10대',13
'2018-03-12','회원-내국인','M','~10대',8
'2018-03-12','회원-내국인','F','20대',257
'2018-03-12','회원-내국인','M','20대',205
'2018-03-12','회원-내국인','F','30대',75
'2018-03-12','회원-내국인','M','30대',97
'2018-03-12','회원-내국인','F','40대',33
'2018-03-12','회원-내국인','M','40대',57
'2018-03-12','회원-내국인','F','50대',19
'2018-03-12','회원-내국인','M','50대',34
'2018-03-12','회원-내국인','F','60대',7
'2018-03-12','회원-내국인','M','60대',5
'2018-03-12','회원-내국인','F','70대~',1
'2018-03-12','회원-내국인','M','70대~',1
'2018-03-13','회원-내국인','F','~10대',19
'2018-03-13','회원-내국인','M','~10대',14
'2018-03-13','회원-내국인','F','20대',396
'2018-03-13','회원-내국인','M','20대',269
'2018-03-13','회원-내국인','F','30대',117
'2018-03-13','회원-내국인','M','30대',142
'2018-03-13','회원-내국인','F','40대',42
'2018-03-13','회원-내국인','M','40대',77
'2018-03-13','회원-내국인','F','50대',19
'2018-03-13','회원-내국인','M','50대',31
'2018-03-13','회원-내국인','F','60대',5
'2018-03-13','회원-내국인','M','60대',9
'2018-03-13','회원-내국인','F','70대~',2
'2018-03-13','회원-내국인','M','70대~',4
'2018-03-14','회원-내국인','F','~10대',42
'2018-03-14','회원-내국인','M','~10대',23
'2018-03-14','회원-내국인','F','20대',676
'2018-03-14','회원-내국인','M','20대',445
'2018-03-14','회원-내국인','F','30대',174
'2018-03-14','회원-내국인','M','30대',185
'2018-03-14','회원-내국인','F','40대',74
'2018-03-14','회원-내국인','M','40대',92
'2018-03-14','회원-내국인','F','50대',21
'2018-03-14','회원-내국인','M','50대',40
'2018-03-14','회원-내국인','F','60대',4
'2018-03-14','회원-내국인','M','60대',11
'2018-03-14','회원-내국인','F','70대~',3
'2018-03-14','회원-내국인','M','70대~',3
'2018-03-15','회원-내국인','F','~10대',10
'2018-03-15','회원-내국인','M','~10대',8
'2018-03-15','회원-내국인','F','20대',156
'2018-03-15','회원-내국인','M','20대',131
'2018-03-15','회원-내국인','F','30대',55
'2018-03-15','회원-내국인','M','30대',61
'2018-03-15','회원-내국인','F','40대',34
'2018-03-15','회원-내국인','M','40대',43
'2018-03-15','회원-내국인','F','50대',11
'2018-03-15','회원-내국인','M','50대',16
'2018-03-15','회원-내국인','F','60대',5
'2018-03-15','회원-내국인','M','60대',6
'2018-03-15','회원-내국인','F','70대~',1
'2018-03-15','회원-내국인','M','70대~',1
'2018-03-16','회원-내국인','F','~10대',30
'2018-03-16','회원-내국인','M','~10대',15
'2018-03-16','회원-내국인','F','20대',388
'2018-03-16','회원-내국인','M','20대',266
'2018-03-16','회원-내국인','F','30대',119
'2018-03-16','회원-내국인','M','30대',133
'2018-03-16','회원-내국인','F','40대',46
'2018-03-16','회원-내국인','M','40대',75
'2018-03-16','회원-내국인','F','50대',14
'2018-03-16','회원-내국인','M','50대',48
'2018-03-16','회원-내국인','F','60대',4
'2018-03-16','회원-내국인','M','60대',5
'2018-03-16','회원-내국인','F','70대~',1
'2018-03-16','회원-내국인','M','70대~',2
'2018-03-17','회원-내국인','F','~10대',55
'2018-03-17','회원-내국인','M','~10대',32
'2018-03-17','회원-내국인','F','20대',686
'2018-03-17','회원-내국인','M','20대',491
'2018-03-17','회원-내국인','F','30대',190
'2018-03-17','회원-내국인','M','30대',232
'2018-03-17','회원-내국인','F','40대',117
'2018-03-17','회원-내국인','M','40대',151
'2018-03-17','회원-내국인','F','50대',46
'2018-03-17','회원-내국인','M','50대',56
'2018-03-17','회원-내국인','F','60대',8
'2018-03-17','회원-내국인','M','60대',16
'2018-03-17','회원-내국인','F','70대~',3
'2018-03-17','회원-내국인','M','70대~',2
'2018-03-18','회원-내국인','F','~10대',24
'2018-03-18','회원-내국인','M','~10대',27
'2018-03-18','회원-내국인','F','20대',332
'2018-03-18','회원-내국인','M','20대',280
'2018-03-18','회원-내국인','F','30대',142
'2018-03-18','회원-내국인','M','30대',148
'2018-03-18','회원-내국인','F','40대',85
'2018-03-18','회원-내국인','M','40대',116
'2018-03-18','회원-내국인','F','50대',23
'2018-03-18','회원-내국인','M','50대',36
'2018-03-18','회원-내국인','F','60대',2
'2018-03-18','회원-내국인','M','60대',12
'2018-03-18','회원-내국인','F','70대~',3
'2018-03-18','회원-내국인','M','70대~',3
'2018-03-19','회원-내국인','F','~10대',8
'2018-03-19','회원-내국인','M','~10대',4
'2018-03-19','회원-내국인','F','20대',140
'2018-03-19','회원-내국인','M','20대',121
'2018-03-19','회원-내국인','F','30대',63
'2018-03-19','회원-내국인','M','30대',77
'2018-03-19','회원-내국인','F','40대',28
'2018-03-19','회원-내국인','M','40대',55
'2018-03-19','회원-내국인','F','50대',11
'2018-03-19','회원-내국인','M','50대',20
'2018-03-19','회원-내국인','F','60대',2
'2018-03-19','회원-내국인','M','60대',3
'2018-03-19','회원-내국인','M','70대~',1
'2018-03-20','회원-내국인','F','~10대',6
'2018-03-20','회원-내국인','M','~10대',9
'2018-03-20','회원-내국인','F','20대',143
'2018-03-20','회원-내국인','M','20대',108
'2018-03-20','회원-내국인','F','30대',47
'2018-03-20','회원-내국인','M','30대',88
'2018-03-20','회원-내국인','F','40대',36
'2018-03-20','회원-내국인','M','40대',69
'2018-03-20','회원-내국인','F','50대',13
'2018-03-20','회원-내국인','M','50대',30
'2018-03-20','회원-내국인','F','60대',3
'2018-03-20','회원-내국인','M','60대',10
'2018-03-20','회원-내국인','M','70대~',1
'2018-03-21','회원-내국인','F','~10대',3
'2018-03-21','회원-내국인','M','~10대',4
'2018-03-21','회원-내국인','F','20대',78
'2018-03-21','회원-내국인','M','20대',71
'2018-03-21','회원-내국인','F','30대',43
'2018-03-21','회원-내국인','M','30대',84
'2018-03-21','회원-내국인','F','40대',32
'2018-03-21','회원-내국인','M','40대',87
'2018-03-21','회원-내국인','F','50대',22
'2018-03-21','회원-내국인','M','50대',79
'2018-03-21','회원-내국인','F','60대',6
'2018-03-21','회원-내국인','M','60대',30
'2018-03-21','회원-내국인','F','70대~',1
'2018-03-21','회원-내국인','M','70대~',6
'2018-03-22','회원-내국인','F','~10대',11
'2018-03-22','회원-내국인','M','~10대',9
'2018-03-22','회원-내국인','F','20대',205
'2018-03-22','회원-내국인','M','20대',169
'2018-03-22','회원-내국인','F','30대',97
'2018-03-22','회원-내국인','M','30대',109
'2018-03-22','회원-내국인','F','40대',37
'2018-03-22','회원-내국인','M','40대',73
'2018-03-22','회원-내국인','F','50대',24
'2018-03-22','회원-내국인','M','50대',50
'2018-03-22','회원-내국인','F','60대',3
'2018-03-22','회원-내국인','M','60대',16
'2018-03-23','회원-내국인','F','~10대',13
'2018-03-23','회원-내국인','M','~10대',17
'2018-03-23','회원-내국인','F','20대',270
'2018-03-23','회원-내국인','M','20대',207
'2018-03-23','회원-내국인','F','30대',105
'2018-03-23','회원-내국인','M','30대',93
'2018-03-23','회원-내국인','F','40대',40
'2018-03-23','회원-내국인','M','40대',76
'2018-03-23','회원-내국인','F','50대',20
'2018-03-23','회원-내국인','M','50대',31
'2018-03-23','회원-내국인','F','60대',7
'2018-03-23','회원-내국인','M','60대',6
'2018-03-23','회원-내국인','F','70대~',2
'2018-03-23','회원-내국인','M','70대~',2
'2018-03-24','회원-내국인','F','~10대',28
'2018-03-24','회원-내국인','M','~10대',24
'2018-03-24','회원-내국인','F','20대',336
'2018-03-24','회원-내국인','M','20대',298
'2018-03-24','회원-내국인','F','30대',120
'2018-03-24','회원-내국인','M','30대',138
'2018-03-24','회원-내국인','F','40대',49
'2018-03-24','회원-내국인','M','40대',80
'2018-03-24','회원-내국인','F','50대',25
'2018-03-24','회원-내국인','M','50대',30
'2018-03-24','회원-내국인','F','60대',6
'2018-03-24','회원-내국인','M','60대',9
'2018-03-24','회원-내국인','M','70대~',1
'2018-03-25','회원-내국인','F','~10대',24
'2018-03-25','회원-내국인','M','~10대',24
'2018-03-25','회원-내국인','F','20대',391
'2018-03-25','회원-내국인','M','20대',380
'2018-03-25','회원-내국인','F','30대',124
'2018-03-25','회원-내국인','M','30대',151
'2018-03-25','회원-내국인','F','40대',62
'2018-03-25','회원-내국인','M','40대',78
'2018-03-25','회원-내국인','F','50대',31
'2018-03-25','회원-내국인','M','50대',47
'2018-03-25','회원-내국인','F','60대',11
'2018-03-25','회원-내국인','M','60대',12
'2018-03-25','회원-내국인','F','70대~',1
'2018-03-25','회원-내국인','M','70대~',4
'2018-03-26','회원-내국인','F','~10대',14
'2018-03-26','회원-내국인','M','~10대',15
'2018-03-26','회원-내국인','F','20대',199
'2018-03-26','회원-내국인','M','20대',186
'2018-03-26','회원-내국인','F','30대',70
'2018-03-26','회원-내국인','M','30대',118
'2018-03-26','회원-내국인','F','40대',29
'2018-03-26','회원-내국인','M','40대',64
'2018-03-26','회원-내국인','F','50대',19
'2018-03-26','회원-내국인','M','50대',29
'2018-03-26','회원-내국인','F','60대',4
'2018-03-26','회원-내국인','M','60대',8
'2018-03-26','회원-내국인','F','70대~',2
'2018-03-26','회원-내국인','M','70대~',1
'2018-03-27','회원-내국인','F','~10대',13
'2018-03-27','회원-내국인','M','~10대',14
'2018-03-27','회원-내국인','F','20대',209
'2018-03-27','회원-내국인','M','20대',182
'2018-03-27','회원-내국인','F','30대',63
'2018-03-27','회원-내국인','M','30대',83
'2018-03-27','회원-내국인','F','40대',34
'2018-03-27','회원-내국인','M','40대',63
'2018-03-27','회원-내국인','F','50대',24
'2018-03-27','회원-내국인','M','50대',37
'2018-03-27','회원-내국인','F','60대',4
'2018-03-27','회원-내국인','M','60대',5
'2018-03-27','회원-내국인','F','70대~',2
'2018-03-27','회원-내국인','M','70대~',3
'2018-03-28','회원-내국인','F','~10대',10
'2018-03-28','회원-내국인','M','~10대',11
'2018-03-28','회원-내국인','F','20대',307
'2018-03-28','회원-내국인','M','20대',238
'2018-03-28','회원-내국인','F','30대',95
'2018-03-28','회원-내국인','M','30대',102
'2018-03-28','회원-내국인','F','40대',45
'2018-03-28','회원-내국인','M','40대',71
'2018-03-28','회원-내국인','F','50대',15
'2018-03-28','회원-내국인','M','50대',53
'2018-03-28','회원-내국인','F','60대',6
'2018-03-28','회원-내국인','M','60대',12
'2018-03-28','회원-내국인','F','70대~',3
'2018-03-28','회원-내국인','M','70대~',3
'2018-03-29','회원-내국인','F','~10대',25
'2018-03-29','회원-내국인','M','~10대',15
'2018-03-29','회원-내국인','F','20대',350
'2018-03-29','회원-내국인','M','20대',326
'2018-03-29','회원-내국인','F','30대',82
'2018-03-29','회원-내국인','M','30대',117
'2018-03-29','회원-내국인','F','40대',36
'2018-03-29','회원-내국인','M','40대',70
'2018-03-29','회원-내국인','F','50대',18
'2018-03-29','회원-내국인','M','50대',34
'2018-03-29','회원-내국인','F','60대',5
'2018-03-29','회원-내국인','M','60대',5
'2018-03-29','회원-내국인','F','70대~',2
'2018-03-29','회원-내국인','M','70대~',1
'2018-03-30','회원-내국인','F','~10대',35
'2018-03-30','회원-내국인','M','~10대',34
'2018-03-30','회원-내국인','F','20대',528
'2018-03-30','회원-내국인','M','20대',412
'2018-03-30','회원-내국인','F','30대',134
'2018-03-30','회원-내국인','M','30대',182
'2018-03-30','회원-내국인','F','40대',49
'2018-03-30','회원-내국인','M','40대',102
'2018-03-30','회원-내국인','F','50대',29
'2018-03-30','회원-내국인','M','50대',30
'2018-03-30','회원-내국인','F','60대',4
'2018-03-30','회원-내국인','M','60대',10
'2018-03-30','회원-내국인','F','70대~',2
'2018-03-30','회원-내국인','M','70대~',3
'2018-03-31','회원-내국인','F','~10대',50
'2018-03-31','회원-내국인','M','~10대',32
'2018-03-31','회원-내국인','F','20대',855
'2018-03-31','회원-내국인','M','20대',662
'2018-03-31','회원-내국인','F','30대',246
'2018-03-31','회원-내국인','M','30대',328
'2018-03-31','회원-내국인','F','40대',108
'2018-03-31','회원-내국인','M','40대',134
'2018-03-31','회원-내국인','F','50대',53
'2018-03-31','회원-내국인','M','50대',57
'2018-03-31','회원-내국인','F','60대',9
'2018-03-31','회원-내국인','M','60대',15
'2018-03-31','회원-내국인','F','70대~',4
'2018-03-31','회원-내국인','M','70대~',3
'2018-04-01','회원-내국인','F','~10대',48
'2018-04-01','회원-내국인','M','~10대',44
'2018-04-01','회원-내국인','F','20대',706
'2018-04-01','회원-내국인','M','20대',619
'2018-04-01','회원-내국인','F','30대',234
'2018-04-01','회원-내국인','M','30대',285
'2018-04-01','회원-내국인','F','40대',110
'2018-04-01','회원-내국인','M','40대',144
'2018-04-01','회원-내국인','F','50대',45
'2018-04-01','회원-내국인','M','50대',63
'2018-04-01','회원-내국인','F','60대',4
'2018-04-01','회원-내국인','M','60대',15
'2018-04-01','회원-내국인','F','70대~',3
'2018-04-01','회원-내국인','M','70대~',4
'2018-04-02','회원-내국인','F','~10대',34
'2018-04-02','회원-내국인','M','~10대',28
'2018-04-02','회원-내국인','F','20대',718
'2018-04-02','회원-내국인','M','20대',508
'2018-04-02','회원-내국인','F','30대',215
'2018-04-02','회원-내국인','M','30대',205
'2018-04-02','회원-내국인','F','40대',71
'2018-04-02','회원-내국인','M','40대',115
'2018-04-02','회원-내국인','F','50대',47
'2018-04-02','회원-내국인','M','50대',39
'2018-04-02','회원-내국인','F','60대',4
'2018-04-02','회원-내국인','M','60대',11
'2018-04-02','회원-내국인','F','70대~',3
'2018-04-02','회원-내국인','M','70대~',3
'2018-04-03','회원-내국인','F','~10대',33
'2018-04-03','회원-내국인','M','~10대',19
'2018-04-03','회원-내국인','F','20대',534
'2018-04-03','회원-내국인','M','20대',366
'2018-04-03','회원-내국인','F','30대',171
'2018-04-03','회원-내국인','M','30대',198
'2018-04-03','회원-내국인','F','40대',56
'2018-04-03','회원-내국인','M','40대',100
'2018-04-03','회원-내국인','F','50대',38
'2018-04-03','회원-내국인','M','50대',46
'2018-04-03','회원-내국인','F','60대',7
'2018-04-03','회원-내국인','M','60대',5
'2018-04-03','회원-내국인','F','70대~',3
'2018-04-03','회원-내국인','M','70대~',3
'2018-04-04','회원-내국인','F','~10대',38
'2018-04-04','회원-내국인','M','~10대',33
'2018-04-04','회원-내국인','F','20대',625
'2018-04-04','회원-내국인','M','20대',482
'2018-04-04','회원-내국인','F','30대',202
'2018-04-04','회원-내국인','M','30대',233
'2018-04-04','회원-내국인','F','40대',100
'2018-04-04','회원-내국인','M','40대',132
'2018-04-04','회원-내국인','F','50대',62
'2018-04-04','회원-내국인','M','50대',61
'2018-04-04','회원-내국인','F','60대',5
'2018-04-04','회원-내국인','M','60대',19
'2018-04-04','회원-내국인','F','70대~',1
'2018-04-04','회원-내국인','M','70대~',3
'2018-04-05','회원-내국인','F','~10대',8
'2018-04-05','회원-내국인','M','~10대',6
'2018-04-05','회원-내국인','F','20대',99
'2018-04-05','회원-내국인','M','20대',78
'2018-04-05','회원-내국인','F','30대',70
'2018-04-05','회원-내국인','M','30대',62
'2018-04-05','회원-내국인','F','40대',27
'2018-04-05','회원-내국인','M','40대',51
'2018-04-05','회원-내국인','F','50대',16
'2018-04-05','회원-내국인','M','50대',35
'2018-04-05','회원-내국인','F','60대',1
'2018-04-05','회원-내국인','M','60대',7
'2018-04-05','회원-내국인','F','70대~',1
'2018-04-05','회원-내국인','M','70대~',3
'2018-04-06','회원-내국인','F','~10대',6
'2018-04-06','회원-내국인','M','~10대',9
'2018-04-06','회원-내국인','F','20대',159
'2018-04-06','회원-내국인','M','20대',126
'2018-04-06','회원-내국인','F','30대',70
'2018-04-06','회원-내국인','M','30대',92
'2018-04-06','회원-내국인','F','40대',38
'2018-04-06','회원-내국인','M','40대',65
'2018-04-06','회원-내국인','F','50대',13
'2018-04-06','회원-내국인','M','50대',19
'2018-04-06','회원-내국인','F','60대',6
'2018-04-06','회원-내국인','M','60대',7
'2018-04-06','회원-내국인','M','70대~',1
'2018-04-07','회원-내국인','F','~10대',19
'2018-04-07','회원-내국인','M','~10대',25
'2018-04-07','회원-내국인','F','20대',255
'2018-04-07','회원-내국인','M','20대',232
'2018-04-07','회원-내국인','F','30대',90
'2018-04-07','회원-내국인','M','30대',134
'2018-04-07','회원-내국인','F','40대',60
'2018-04-07','회원-내국인','M','40대',66
'2018-04-07','회원-내국인','F','50대',26
'2018-04-07','회원-내국인','M','50대',26
'2018-04-07','회원-내국인','F','60대',8
'2018-04-07','회원-내국인','M','60대',5
'2018-04-07','회원-내국인','F','70대~',1
'2018-04-07','회원-내국인','M','70대~',2
'2018-04-08','회원-내국인','F','~10대',15
'2018-04-08','회원-내국인','M','~10대',12
'2018-04-08','회원-내국인','F','20대',159
'2018-04-08','회원-내국인','M','20대',152
'2018-04-08','회원-내국인','F','30대',94
'2018-04-08','회원-내국인','M','30대',104
'2018-04-08','회원-내국인','F','40대',55
'2018-04-08','회원-내국인','M','40대',89
'2018-04-08','회원-내국인','F','50대',22
'2018-04-08','회원-내국인','M','50대',31
'2018-04-08','회원-내국인','F','60대',4
'2018-04-08','회원-내국인','M','60대',7
'2018-04-08','회원-내국인','F','70대~',3
'2018-04-09','회원-내국인','F','~10대',23
'2018-04-09','회원-내국인','M','~10대',19
'2018-04-09','회원-내국인','F','20대',442
'2018-04-09','회원-내국인','M','20대',359
'2018-04-09','회원-내국인','F','30대',129
'2018-04-09','회원-내국인','M','30대',189
'2018-04-09','회원-내국인','F','40대',68
'2018-04-09','회원-내국인','M','40대',99
'2018-04-09','회원-내국인','F','50대',30
'2018-04-09','회원-내국인','M','50대',36
'2018-04-09','회원-내국인','F','60대',5
'2018-04-09','회원-내국인','M','60대',6
'2018-04-09','회원-내국인','F','70대~',3
'2018-04-09','회원-내국인','M','70대~',3
'2018-04-10','회원-내국인','F','~10대',13
'2018-04-10','회원-내국인','M','~10대',11
'2018-04-10','회원-내국인','F','20대',346
'2018-04-10','회원-내국인','M','20대',254
'2018-04-10','회원-내국인','F','30대',137
'2018-04-10','회원-내국인','M','30대',166
'2018-04-10','회원-내국인','F','40대',58
'2018-04-10','회원-내국인','M','40대',72
'2018-04-10','회원-내국인','F','50대',31
'2018-04-10','회원-내국인','M','50대',44
'2018-04-10','회원-내국인','F','60대',2
'2018-04-10','회원-내국인','M','60대',9
'2018-04-10','회원-내국인','F','70대~',2
'2018-04-10','회원-내국인','M','70대~',4
'2018-04-11','회원-내국인','F','~10대',19
'2018-04-11','회원-내국인','M','~10대',12
'2018-04-11','회원-내국인','F','20대',324
'2018-04-11','회원-내국인','M','20대',303
'2018-04-11','회원-내국인','F','30대',115
'2018-04-11','회원-내국인','M','30대',148
'2018-04-11','회원-내국인','F','40대',43
'2018-04-11','회원-내국인','M','40대',97
'2018-04-11','회원-내국인','F','50대',22
'2018-04-11','회원-내국인','M','50대',51
'2018-04-11','회원-내국인','F','60대',10
'2018-04-11','회원-내국인','M','60대',8
'2018-04-11','회원-내국인','F','70대~',3
'2018-04-11','회원-내국인','M','70대~',3
'2018-04-12','회원-내국인','F','~10대',34
'2018-04-12','회원-내국인','M','~10대',24
'2018-04-12','회원-내국인','F','20대',523
'2018-04-12','회원-내국인','M','20대',390
'2018-04-12','회원-내국인','F','30대',173
'2018-04-12','회원-내국인','M','30대',190
'2018-04-12','회원-내국인','F','40대',71
'2018-04-12','회원-내국인','M','40대',111
'2018-04-12','회원-내국인','F','50대',29
'2018-04-12','회원-내국인','M','50대',53
'2018-04-12','회원-내국인','F','60대',2
'2018-04-12','회원-내국인','M','60대',11
'2018-04-12','회원-내국인','F','70대~',2
'2018-04-13','회원-내국인','F','~10대',27
'2018-04-13','회원-내국인','M','~10대',25
'2018-04-13','회원-내국인','F','20대',476
'2018-04-13','회원-내국인','M','20대',388
'2018-04-13','회원-내국인','F','30대',149
'2018-04-13','회원-내국인','M','30대',216
'2018-04-13','회원-내국인','F','40대',67
'2018-04-13','회원-내국인','M','40대',97
'2018-04-13','회원-내국인','F','50대',20
'2018-04-13','회원-내국인','M','50대',42
'2018-04-13','회원-내국인','F','60대',4
'2018-04-13','회원-내국인','M','60대',9
'2018-04-13','회원-내국인','F','70대~',2
'2018-04-13','회원-내국인','M','70대~',2
'2018-04-14','회원-내국인','F','~10대',8
'2018-04-14','회원-내국인','M','~10대',21
'2018-04-14','회원-내국인','F','20대',162
'2018-04-14','회원-내국인','M','20대',155
'2018-04-14','회원-내국인','F','30대',52
'2018-04-14','회원-내국인','M','30대',83
'2018-04-14','회원-내국인','F','40대',39
'2018-04-14','회원-내국인','M','40대',72
'2018-04-14','회원-내국인','F','50대',24
'2018-04-14','회원-내국인','M','50대',24
'2018-04-14','회원-내국인','F','60대',4
'2018-04-14','회원-내국인','M','60대',10
'2018-04-14','회원-내국인','F','70대~',1
'2018-04-14','회원-내국인','M','70대~',1
'2018-04-15','회원-내국인','F','~10대',26
'2018-04-15','회원-내국인','M','~10대',24
'2018-04-15','회원-내국인','F','20대',452
'2018-04-15','회원-내국인','M','20대',345
'2018-04-15','회원-내국인','F','30대',176
'2018-04-15','회원-내국인','M','30대',195
'2018-04-15','회원-내국인','F','40대',79
'2018-04-15','회원-내국인','M','40대',115
'2018-04-15','회원-내국인','F','50대',43
'2018-04-15','회원-내국인','M','50대',44
'2018-04-15','회원-내국인','F','60대',6
'2018-04-15','회원-내국인','M','60대',9
'2018-04-15','회원-내국인','F','70대~',2
'2018-04-16','회원-내국인','F','~10대',29
'2018-04-16','회원-내국인','M','~10대',10
'2018-04-16','회원-내국인','F','20대',457
'2018-04-16','회원-내국인','M','20대',330
'2018-04-16','회원-내국인','F','30대',208
'2018-04-16','회원-내국인','M','30대',228
'2018-04-16','회원-내국인','F','40대',91
'2018-04-16','회원-내국인','M','40대',119
'2018-04-16','회원-내국인','F','50대',35
'2018-04-16','회원-내국인','M','50대',45
'2018-04-16','회원-내국인','F','60대',5
'2018-04-16','회원-내국인','M','60대',11
'2018-04-16','회원-내국인','F','70대~',2
'2018-04-16','회원-내국인','M','70대~',3
'2018-04-17','회원-내국인','F','~10대',13
'2018-04-17','회원-내국인','M','~10대',19
'2018-04-17','회원-내국인','F','20대',460
'2018-04-17','회원-내국인','M','20대',350
'2018-04-17','회원-내국인','F','30대',178
'2018-04-17','회원-내국인','M','30대',203
'2018-04-17','회원-내국인','F','40대',61
'2018-04-17','회원-내국인','M','40대',110
'2018-04-17','회원-내국인','F','50대',48
'2018-04-17','회원-내국인','M','50대',35
'2018-04-17','회원-내국인','F','60대',4
'2018-04-17','회원-내국인','M','60대',11
'2018-04-17','회원-내국인','F','70대~',2
'2018-04-18','회원-내국인','F','~10대',26
'2018-04-18','회원-내국인','M','~10대',19
'2018-04-18','회원-내국인','F','20대',469
'2018-04-18','회원-내국인','M','20대',311
'2018-04-18','회원-내국인','F','30대',192
'2018-04-18','회원-내국인','M','30대',198
'2018-04-18','회원-내국인','F','40대',90
'2018-04-18','회원-내국인','M','40대',129
'2018-04-18','회원-내국인','F','50대',60
'2018-04-18','회원-내국인','M','50대',82
'2018-04-18','회원-내국인','F','60대',9
'2018-04-18','회원-내국인','M','60대',22
'2018-04-18','회원-내국인','F','70대~',4
'2018-04-18','회원-내국인','M','70대~',5
'2018-04-19','회원-내국인','F','~10대',23
'2018-04-19','회원-내국인','M','~10대',16
'2018-04-19','회원-내국인','F','20대',477
'2018-04-19','회원-내국인','M','20대',337
'2018-04-19','회원-내국인','F','30대',167
'2018-04-19','회원-내국인','M','30대',184
'2018-04-19','회원-내국인','F','40대',77
'2018-04-19','회원-내국인','M','40대',108
'2018-04-19','회원-내국인','F','50대',42
'2018-04-19','회원-내국인','M','50대',42
'2018-04-19','회원-내국인','F','60대',8
'2018-04-19','회원-내국인','M','60대',7
'2018-04-19','회원-내국인','F','70대~',3
'2018-04-19','회원-내국인','M','70대~',1
'2018-04-20','회원-내국인','F','~10대',26
'2018-04-20','회원-내국인','M','~10대',27
'2018-04-20','회원-내국인','F','20대',511
'2018-04-20','회원-내국인','M','20대',343
'2018-04-20','회원-내국인','F','30대',160
'2018-04-20','회원-내국인','M','30대',202
'2018-04-20','회원-내국인','F','40대',67
'2018-04-20','회원-내국인','M','40대',105
'2018-04-20','회원-내국인','F','50대',31
'2018-04-20','회원-내국인','M','50대',54
'2018-04-20','회원-내국인','F','60대',5
'2018-04-20','회원-내국인','M','60대',13
'2018-04-20','회원-내국인','F','70대~',2
'2018-04-21','회원-내국인','F','~10대',47
'2018-04-21','회원-내국인','M','~10대',43
'2018-04-21','회원-내국인','F','20대',1049
'2018-04-21','회원-내국인','M','20대',820
'2018-04-21','회원-내국인','F','30대',384
'2018-04-21','회원-내국인','M','30대',431
'2018-04-21','회원-내국인','F','40대',125
'2018-04-21','회원-내국인','M','40대',178
'2018-04-21','회원-내국인','F','50대',58
'2018-04-21','회원-내국인','M','50대',69
'2018-04-21','회원-내국인','F','60대',12
'2018-04-21','회원-내국인','M','60대',20
'2018-04-21','회원-내국인','F','70대~',3
'2018-04-21','회원-내국인','M','70대~',5
'2018-04-22','회원-내국인','F','~10대',18
'2018-04-22','회원-내국인','M','~10대',13
'2018-04-22','회원-내국인','F','20대',189
'2018-04-22','회원-내국인','M','20대',237
'2018-04-22','회원-내국인','F','30대',109
'2018-04-22','회원-내국인','M','30대',118
'2018-04-22','회원-내국인','F','40대',67
'2018-04-22','회원-내국인','M','40대',102
'2018-04-22','회원-내국인','F','50대',23
'2018-04-22','회원-내국인','M','50대',54
'2018-04-22','회원-내국인','F','60대',7
'2018-04-22','회원-내국인','M','60대',11
'2018-04-22','회원-내국인','F','70대~',2
'2018-04-22','회원-내국인','M','70대~',1
'2018-04-23','회원-내국인','F','~10대',6
'2018-04-23','회원-내국인','M','~10대',6
'2018-04-23','회원-내국인','F','20대',72
'2018-04-23','회원-내국인','M','20대',47
'2018-04-23','회원-내국인','F','30대',54
'2018-04-23','회원-내국인','M','30대',40
'2018-04-23','회원-내국인','F','40대',14
'2018-04-23','회원-내국인','M','40대',28
'2018-04-23','회원-내국인','F','50대',14
'2018-04-23','회원-내국인','M','50대',13
'2018-04-23','회원-내국인','F','60대',3
'2018-04-23','회원-내국인','M','60대',6
'2018-04-23','회원-내국인','M','70대~',1
'2018-04-24','회원-내국인','F','~10대',18
'2018-04-24','회원-내국인','M','~10대',19
'2018-04-24','회원-내국인','F','20대',281
'2018-04-24','회원-내국인','M','20대',193
'2018-04-24','회원-내국인','F','30대',125
'2018-04-24','회원-내국인','M','30대',137
'2018-04-24','회원-내국인','F','40대',47
'2018-04-24','회원-내국인','M','40대',70
'2018-04-24','회원-내국인','F','50대',29
'2018-04-24','회원-내국인','M','50대',26
'2018-04-24','회원-내국인','F','60대',5
'2018-04-24','회원-내국인','M','60대',4
'2018-04-24','회원-내국인','F','70대~',4
'2018-04-24','회원-내국인','M','70대~',1
'2018-04-25','회원-내국인','F','~10대',42
'2018-04-25','회원-내국인','M','~10대',21
'2018-04-25','회원-내국인','F','20대',623
'2018-04-25','회원-내국인','M','20대',386
'2018-04-25','회원-내국인','F','30대',198
'2018-04-25','회원-내국인','M','30대',253
'2018-04-25','회원-내국인','F','40대',72
'2018-04-25','회원-내국인','M','40대',119
'2018-04-25','회원-내국인','F','50대',40
'2018-04-25','회원-내국인','M','50대',45
'2018-04-25','회원-내국인','F','60대',8
'2018-04-25','회원-내국인','M','60대',7
'2018-04-25','회원-내국인','M','70대~',5
'2018-04-26','회원-내국인','F','~10대',46
'2018-04-26','회원-내국인','M','~10대',30
'2018-04-26','회원-내국인','F','20대',564
'2018-04-26','회원-내국인','M','20대',425
'2018-04-26','회원-내국인','F','30대',225
'2018-04-26','회원-내국인','M','30대',204
'2018-04-26','회원-내국인','F','40대',75
'2018-04-26','회원-내국인','M','40대',155
'2018-04-26','회원-내국인','F','50대',38
'2018-04-26','회원-내국인','M','50대',48
'2018-04-26','회원-내국인','F','60대',8
'2018-04-26','회원-내국인','M','60대',19
'2018-04-26','회원-내국인','F','70대~',3
'2018-04-26','회원-내국인','M','70대~',8
'2018-04-27','회원-내국인','F','~10대',48
'2018-04-27','회원-내국인','M','~10대',40
'2018-04-27','회원-내국인','F','20대',708
'2018-04-27','회원-내국인','M','20대',479
'2018-04-27','회원-내국인','F','30대',227
'2018-04-27','회원-내국인','M','30대',284
'2018-04-27','회원-내국인','F','40대',117
'2018-04-27','회원-내국인','M','40대',146
'2018-04-27','회원-내국인','F','50대',30
'2018-04-27','회원-내국인','M','50대',50
'2018-04-27','회원-내국인','F','60대',6
'2018-04-27','회원-내국인','M','60대',13
'2018-04-27','회원-내국인','F','70대~',4
'2018-04-27','회원-내국인','M','70대~',4
'2018-04-28','회원-내국인','F','~10대',77
'2018-04-28','회원-내국인','M','~10대',58
'2018-04-28','회원-내국인','F','20대',1128
'2018-04-28','회원-내국인','M','20대',864
'2018-04-28','회원-내국인','F','30대',348
'2018-04-28','회원-내국인','M','30대',402
'2018-04-28','회원-내국인','F','40대',143
'2018-04-28','회원-내국인','M','40대',189
'2018-04-28','회원-내국인','F','50대',69
'2018-04-28','회원-내국인','M','50대',65
'2018-04-28','회원-내국인','F','60대',11
'2018-04-28','회원-내국인','M','60대',19
'2018-04-28','회원-내국인','F','70대~',4
'2018-04-28','회원-내국인','M','70대~',2
'2018-04-29','회원-내국인','F','~10대',79
'2018-04-29','회원-내국인','M','~10대',59
'2018-04-29','회원-내국인','F','20대',1254
'2018-04-29','회원-내국인','M','20대',990
'2018-04-29','회원-내국인','F','30대',427
'2018-04-29','회원-내국인','M','30대',482
'2018-04-29','회원-내국인','F','40대',194
'2018-04-29','회원-내국인','M','40대',242
'2018-04-29','회원-내국인','F','50대',70
'2018-04-29','회원-내국인','M','50대',67
'2018-04-29','회원-내국인','F','60대',14
'2018-04-29','회원-내국인','M','60대',24
'2018-04-29','회원-내국인','F','70대~',6
'2018-04-29','회원-내국인','M','70대~',1
'2018-04-30','회원-내국인','F','~10대',56
'2018-04-30','회원-내국인','M','~10대',36
'2018-04-30','회원-내국인','F','20대',694
'2018-04-30','회원-내국인','M','20대',509
'2018-04-30','회원-내국인','F','30대',197
'2018-04-30','회원-내국인','M','30대',268
'2018-04-30','회원-내국인','F','40대',72
'2018-04-30','회원-내국인','M','40대',115
'2018-04-30','회원-내국인','F','50대',41
'2018-04-30','회원-내국인','M','50대',47
'2018-04-30','회원-내국인','F','60대',5
'2018-04-30','회원-내국인','M','60대',10
'2018-04-30','회원-내국인','F','70대~',3
'2018-04-30','회원-내국인','M','70대~',5
'2018-05-01','회원-내국인','F','~10대',69
'2018-05-01','회원-내국인','M','~10대',41
'2018-05-01','회원-내국인','F','20대',936
'2018-05-01','회원-내국인','M','20대',646
'2018-05-01','회원-내국인','F','30대',288
'2018-05-01','회원-내국인','M','30대',358
'2018-05-01','회원-내국인','F','40대',119
'2018-05-01','회원-내국인','M','40대',179
'2018-05-01','회원-내국인','F','50대',41
'2018-05-01','회원-내국인','M','50대',58
'2018-05-01','회원-내국인','F','60대',14
'2018-05-01','회원-내국인','M','60대',13
'2018-05-01','회원-내국인','F','70대~',1
'2018-05-01','회원-내국인','M','70대~',2
'2018-05-02','회원-내국인','F','~10대',16
'2018-05-02','회원-내국인','M','~10대',15
'2018-05-02','회원-내국인','F','20대',159
'2018-05-02','회원-내국인','M','20대',138
'2018-05-02','회원-내국인','F','30대',68
'2018-05-02','회원-내국인','M','30대',81
'2018-05-02','회원-내국인','F','40대',39
'2018-05-02','회원-내국인','M','40대',62
'2018-05-02','회원-내국인','F','50대',17
'2018-05-02','회원-내국인','M','50대',40
'2018-05-02','회원-내국인','F','60대',6
'2018-05-02','회원-내국인','M','60대',9
'2018-05-02','회원-내국인','F','70대~',1
'2018-05-03','회원-내국인','F','~10대',27
'2018-05-03','회원-내국인','M','~10대',19
'2018-05-03','회원-내국인','F','20대',307
'2018-05-03','회원-내국인','M','20대',230
'2018-05-03','회원-내국인','F','30대',127
'2018-05-03','회원-내국인','M','30대',153
'2018-05-03','회원-내국인','F','40대',70
'2018-05-03','회원-내국인','M','40대',94
'2018-05-03','회원-내국인','F','50대',17
'2018-05-03','회원-내국인','M','50대',33
'2018-05-03','회원-내국인','F','60대',8
'2018-05-03','회원-내국인','M','60대',5
'2018-05-03','회원-내국인','F','70대~',2
'2018-05-03','회원-내국인','M','70대~',3
'2018-05-04','회원-내국인','F','~10대',47
'2018-05-04','회원-내국인','M','~10대',27
'2018-05-04','회원-내국인','F','20대',533
'2018-05-04','회원-내국인','M','20대',418
'2018-05-04','회원-내국인','F','30대',169
'2018-05-04','회원-내국인','M','30대',197
'2018-05-04','회원-내국인','F','40대',84
'2018-05-04','회원-내국인','M','40대',116
'2018-05-04','회원-내국인','F','50대',32
'2018-05-04','회원-내국인','M','50대',38
'2018-05-04','회원-내국인','F','60대',5
'2018-05-04','회원-내국인','M','60대',14
'2018-05-04','회원-내국인','F','70대~',3
'2018-05-04','회원-내국인','M','70대~',2
'2018-05-05','회원-내국인','F','~10대',119
'2018-05-05','회원-내국인','M','~10대',67
'2018-05-05','회원-내국인','F','20대',1156
'2018-05-05','회원-내국인','M','20대',1002
'2018-05-05','회원-내국인','F','30대',361
'2018-05-05','회원-내국인','M','30대',444
'2018-05-05','회원-내국인','F','40대',216
'2018-05-05','회원-내국인','M','40대',226
'2018-05-05','회원-내국인','F','50대',71
'2018-05-05','회원-내국인','M','50대',60
'2018-05-05','회원-내국인','F','60대',13
'2018-05-05','회원-내국인','M','60대',11
'2018-05-05','회원-내국인','F','70대~',10
'2018-05-05','회원-내국인','M','70대~',8
'2018-05-06','회원-내국인','F','~10대',74
'2018-05-06','회원-내국인','M','~10대',49
'2018-05-06','회원-내국인','F','20대',648
'2018-05-06','회원-내국인','M','20대',595
'2018-05-06','회원-내국인','F','30대',240
'2018-05-06','회원-내국인','M','30대',303
'2018-05-06','회원-내국인','F','40대',112
'2018-05-06','회원-내국인','M','40대',120
'2018-05-06','회원-내국인','F','50대',46
'2018-05-06','회원-내국인','M','50대',65
'2018-05-06','회원-내국인','F','60대',15
'2018-05-06','회원-내국인','M','60대',13
'2018-05-06','회원-내국인','F','70대~',4
'2018-05-06','회원-내국인','M','70대~',4
'2018-05-07','회원-내국인','F','~10대',118
'2018-05-07','회원-내국인','M','~10대',83
'2018-05-07','회원-내국인','F','20대',1372
'2018-05-07','회원-내국인','M','20대',1153
'2018-05-07','회원-내국인','F','30대',505
'2018-05-07','회원-내국인','M','30대',561
'2018-05-07','회원-내국인','F','40대',238
'2018-05-07','회원-내국인','M','40대',291
'2018-05-07','회원-내국인','F','50대',95
'2018-05-07','회원-내국인','M','50대',100
'2018-05-07','회원-내국인','F','60대',13
'2018-05-07','회원-내국인','M','60대',25
'2018-05-07','회원-내국인','F','70대~',4
'2018-05-07','회원-내국인','M','70대~',7
'2018-05-08','회원-내국인','F','~10대',44
'2018-05-08','회원-내국인','M','~10대',30
'2018-05-08','회원-내국인','F','20대',565
'2018-05-08','회원-내국인','M','20대',432
'2018-05-08','회원-내국인','F','30대',246
'2018-05-08','회원-내국인','M','30대',249
'2018-05-08','회원-내국인','F','40대',80
'2018-05-08','회원-내국인','M','40대',122
'2018-05-08','회원-내국인','F','50대',45
'2018-05-08','회원-내국인','M','50대',52
'2018-05-08','회원-내국인','F','60대',6
'2018-05-08','회원-내국인','M','60대',13
'2018-05-08','회원-내국인','F','70대~',3
'2018-05-08','회원-내국인','M','70대~',4
'2018-05-09','회원-내국인','F','~10대',39
'2018-05-09','회원-내국인','M','~10대',26
'2018-05-09','회원-내국인','F','20대',711
'2018-05-09','회원-내국인','M','20대',507
'2018-05-09','회원-내국인','F','30대',262
'2018-05-09','회원-내국인','M','30대',321
'2018-05-09','회원-내국인','F','40대',93
'2018-05-09','회원-내국인','M','40대',151
'2018-05-09','회원-내국인','F','50대',37
'2018-05-09','회원-내국인','M','50대',62
'2018-05-09','회원-내국인','F','60대',7
'2018-05-09','회원-내국인','M','60대',18
'2018-05-09','회원-내국인','F','70대~',4
'2018-05-09','회원-내국인','M','70대~',2
'2018-05-10','회원-내국인','F','~10대',41
'2018-05-10','회원-내국인','M','~10대',33
'2018-05-10','회원-내국인','F','20대',597
'2018-05-10','회원-내국인','M','20대',427
'2018-05-10','회원-내국인','F','30대',239
'2018-05-10','회원-내국인','M','30대',253
'2018-05-10','회원-내국인','F','40대',100
'2018-05-10','회원-내국인','M','40대',130
'2018-05-10','회원-내국인','F','50대',27
'2018-05-10','회원-내국인','M','50대',45
'2018-05-10','회원-내국인','F','60대',3
'2018-05-10','회원-내국인','M','60대',13
'2018-05-10','회원-내국인','F','70대~',2
'2018-05-10','회원-내국인','M','70대~',7
'2018-05-11','회원-내국인','F','~10대',45
'2018-05-11','회원-내국인','M','~10대',43
'2018-05-11','회원-내국인','F','20대',575
'2018-05-11','회원-내국인','M','20대',435
'2018-05-11','회원-내국인','F','30대',185
'2018-05-11','회원-내국인','M','30대',219
'2018-05-11','회원-내국인','F','40대',82
'2018-05-11','회원-내국인','M','40대',130
'2018-05-11','회원-내국인','F','50대',32
'2018-05-11','회원-내국인','M','50대',58
'2018-05-11','회원-내국인','F','60대',7
'2018-05-11','회원-내국인','M','60대',16
'2018-05-11','회원-내국인','F','70대~',2
'2018-05-11','회원-내국인','M','70대~',1
'2018-05-12','회원-내국인','F','~10대',13
'2018-05-12','회원-내국인','M','~10대',9
'2018-05-12','회원-내국인','F','20대',129
'2018-05-12','회원-내국인','M','20대',153
'2018-05-12','회원-내국인','F','30대',43
'2018-05-12','회원-내국인','M','30대',58
'2018-05-12','회원-내국인','F','40대',41
'2018-05-12','회원-내국인','M','40대',35
'2018-05-12','회원-내국인','F','50대',23
'2018-05-12','회원-내국인','M','50대',21
'2018-05-12','회원-내국인','F','60대',3
'2018-05-12','회원-내국인','M','60대',7
'2018-05-12','회원-내국인','M','70대~',1
'2018-05-13','회원-내국인','F','~10대',75
'2018-05-13','회원-내국인','M','~10대',57
'2018-05-13','회원-내국인','F','20대',995
'2018-05-13','회원-내국인','M','20대',781
'2018-05-13','회원-내국인','F','30대',401
'2018-05-13','회원-내국인','M','30대',502
'2018-05-13','회원-내국인','F','40대',194
'2018-05-13','회원-내국인','M','40대',227
'2018-05-13','회원-내국인','F','50대',74
'2018-05-13','회원-내국인','M','50대',64
'2018-05-13','회원-내국인','F','60대',13
'2018-05-13','회원-내국인','M','60대',13
'2018-05-13','회원-내국인','F','70대~',5
'2018-05-13','회원-내국인','M','70대~',6
'2018-05-15','회원-내국인','F','~10대',46
'2018-05-15','회원-내국인','M','~10대',34
'2018-05-15','회원-내국인','F','20대',532
'2018-05-15','회원-내국인','M','20대',370
'2018-05-15','회원-내국인','F','30대',177
'2018-05-15','회원-내국인','M','30대',201
'2018-05-15','회원-내국인','F','40대',68
'2018-05-15','회원-내국인','M','40대',119
'2018-05-15','회원-내국인','F','50대',46
'2018-05-15','회원-내국인','M','50대',48
'2018-05-15','회원-내국인','F','60대',6
'2018-05-15','회원-내국인','M','60대',8
'2018-05-15','회원-내국인','F','70대~',2
'2018-05-15','회원-내국인','M','70대~',2
'2018-05-16','회원-내국인','F','~10대',8
'2018-05-16','회원-내국인','M','~10대',7
'2018-05-16','회원-내국인','F','20대',126
'2018-05-16','회원-내국인','M','20대',106
'2018-05-16','회원-내국인','F','30대',76
'2018-05-16','회원-내국인','M','30대',100
'2018-05-16','회원-내국인','F','40대',37
'2018-05-16','회원-내국인','M','40대',85
'2018-05-16','회원-내국인','F','50대',12
'2018-05-16','회원-내국인','M','50대',56
'2018-05-16','회원-내국인','F','60대',2
'2018-05-16','회원-내국인','M','60대',14
'2018-05-16','회원-내국인','F','70대~',2
'2018-05-16','회원-내국인','M','70대~',3
'2018-05-17','회원-내국인','F','~10대',3
'2018-05-17','회원-내국인','M','~10대',6
'2018-05-17','회원-내국인','F','20대',49
'2018-05-17','회원-내국인','M','20대',42
'2018-05-17','회원-내국인','F','30대',43
'2018-05-17','회원-내국인','M','30대',53
'2018-05-17','회원-내국인','F','40대',25
'2018-05-17','회원-내국인','M','40대',49
'2018-05-17','회원-내국인','F','50대',10
'2018-05-17','회원-내국인','M','50대',20
'2018-05-17','회원-내국인','F','60대',2
'2018-05-17','회원-내국인','M','60대',7
'2018-05-17','회원-내국인','M','70대~',3
'2018-05-18','회원-내국인','F','~10대',13
'2018-05-18','회원-내국인','M','~10대',16
'2018-05-18','회원-내국인','F','20대',242
'2018-05-18','회원-내국인','M','20대',223
'2018-05-18','회원-내국인','F','30대',94
'2018-05-18','회원-내국인','M','30대',111
'2018-05-18','회원-내국인','F','40대',41
'2018-05-18','회원-내국인','M','40대',55
'2018-05-18','회원-내국인','F','50대',24
'2018-05-18','회원-내국인','M','50대',31
'2018-05-18','회원-내국인','F','60대',5
'2018-05-18','회원-내국인','M','60대',10
'2018-05-18','회원-내국인','M','70대~',1
'2018-05-19','회원-내국인','F','~10대',109
'2018-05-19','회원-내국인','M','~10대',58
'2018-05-19','회원-내국인','F','20대',1347
'2018-05-19','회원-내국인','M','20대',1127
'2018-05-19','회원-내국인','F','30대',478
'2018-05-19','회원-내국인','M','30대',557
'2018-05-19','회원-내국인','F','40대',205
'2018-05-19','회원-내국인','M','40대',258
'2018-05-19','회원-내국인','F','50대',86
'2018-05-19','회원-내국인','M','50대',75
'2018-05-19','회원-내국인','F','60대',12
'2018-05-19','회원-내국인','M','60대',18
'2018-05-19','회원-내국인','F','70대~',6
'2018-05-19','회원-내국인','M','70대~',6
'2018-05-20','회원-내국인','F','~10대',105
'2018-05-20','회원-내국인','M','~10대',82
'2018-05-20','회원-내국인','F','20대',1113
'2018-05-20','회원-내국인','M','20대',969
'2018-05-20','회원-내국인','F','30대',437
'2018-05-20','회원-내국인','M','30대',520
'2018-05-20','회원-내국인','F','40대',193
'2018-05-20','회원-내국인','M','40대',264
'2018-05-20','회원-내국인','F','50대',89
'2018-05-20','회원-내국인','M','50대',80
'2018-05-20','회원-내국인','F','60대',16
'2018-05-20','회원-내국인','M','60대',25
'2018-05-20','회원-내국인','F','70대~',3
'2018-05-20','회원-내국인','M','70대~',6
'2018-05-21','회원-내국인','F','~10대',70
'2018-05-21','회원-내국인','M','~10대',55
'2018-05-21','회원-내국인','F','20대',933
'2018-05-21','회원-내국인','M','20대',678
'2018-05-21','회원-내국인','F','30대',370
'2018-05-21','회원-내국인','M','30대',409
'2018-05-21','회원-내국인','F','40대',145
'2018-05-21','회원-내국인','M','40대',181
'2018-05-21','회원-내국인','F','50대',52
'2018-05-21','회원-내국인','M','50대',58
'2018-05-21','회원-내국인','F','60대',11
'2018-05-21','회원-내국인','M','60대',11
'2018-05-21','회원-내국인','F','70대~',5
'2018-05-21','회원-내국인','M','70대~',6
'2018-05-22','회원-내국인','F','~10대',44
'2018-05-22','회원-내국인','M','~10대',36
'2018-05-22','회원-내국인','F','20대',456
'2018-05-22','회원-내국인','M','20대',357
'2018-05-22','회원-내국인','F','30대',280
'2018-05-22','회원-내국인','M','30대',267
'2018-05-22','회원-내국인','F','40대',163
'2018-05-22','회원-내국인','M','40대',213
'2018-05-22','회원-내국인','F','50대',59
'2018-05-22','회원-내국인','M','50대',61
'2018-05-22','회원-내국인','F','60대',7
'2018-05-22','회원-내국인','M','60대',17
'2018-05-22','회원-내국인','F','70대~',3
'2018-05-22','회원-내국인','M','70대~',3
'2018-05-23','회원-내국인','F','~10대',49
'2018-05-23','회원-내국인','M','~10대',24
'2018-05-23','회원-내국인','F','20대',568
'2018-05-23','회원-내국인','M','20대',381
'2018-05-23','회원-내국인','F','30대',161
'2018-05-23','회원-내국인','M','30대',212
'2018-05-23','회원-내국인','F','40대',82
'2018-05-23','회원-내국인','M','40대',99
'2018-05-23','회원-내국인','F','50대',43
'2018-05-23','회원-내국인','M','50대',46
'2018-05-23','회원-내국인','F','60대',9
'2018-05-23','회원-내국인','M','60대',12
'2018-05-23','회원-내국인','F','70대~',4
'2018-05-23','회원-내국인','M','70대~',3
'2018-05-24','회원-내국인','F','~10대',50
'2018-05-24','회원-내국인','M','~10대',29
'2018-05-24','회원-내국인','F','20대',520
'2018-05-24','회원-내국인','M','20대',406
'2018-05-24','회원-내국인','F','30대',181
'2018-05-24','회원-내국인','M','30대',231
'2018-05-24','회원-내국인','F','40대',80
'2018-05-24','회원-내국인','M','40대',128
'2018-05-24','회원-내국인','F','50대',29
'2018-05-24','회원-내국인','M','50대',56
'2018-05-24','회원-내국인','F','60대',10
'2018-05-24','회원-내국인','M','60대',9
'2018-05-24','회원-내국인','F','70대~',3
'2018-05-25','회원-내국인','F','~10대',50
'2018-05-25','회원-내국인','M','~10대',34
'2018-05-25','회원-내국인','F','20대',566
'2018-05-25','회원-내국인','M','20대',473
'2018-05-25','회원-내국인','F','30대',187
'2018-05-25','회원-내국인','M','30대',219
'2018-05-25','회원-내국인','F','40대',82
'2018-05-25','회원-내국인','M','40대',125
'2018-05-25','회원-내국인','F','50대',41
'2018-05-25','회원-내국인','M','50대',44
'2018-05-25','회원-내국인','F','60대',6
'2018-05-25','회원-내국인','M','60대',7
'2018-05-25','회원-내국인','F','70대~',3
'2018-05-25','회원-내국인','M','70대~',2
'2018-05-26','회원-내국인','F','~10대',86
'2018-05-26','회원-내국인','M','~10대',53
'2018-05-26','회원-내국인','F','20대',974
'2018-05-26','회원-내국인','M','20대',835
'2018-05-26','회원-내국인','F','30대',317
'2018-05-26','회원-내국인','M','30대',425
'2018-05-26','회원-내국인','F','40대',129
'2018-05-26','회원-내국인','M','40대',171
'2018-05-26','회원-내국인','F','50대',65
'2018-05-26','회원-내국인','M','50대',74
'2018-05-26','회원-내국인','F','60대',6
'2018-05-26','회원-내국인','M','60대',5
'2018-05-26','회원-내국인','F','70대~',3
'2018-05-26','회원-내국인','M','70대~',2
'2018-05-27','회원-내국인','F','~10대',96
'2018-05-27','회원-내국인','M','~10대',56
'2018-05-27','회원-내국인','F','20대',989
'2018-05-27','회원-내국인','M','20대',872
'2018-05-27','회원-내국인','F','30대',398
'2018-05-27','회원-내국인','M','30대',500
'2018-05-27','회원-내국인','F','40대',184
'2018-05-27','회원-내국인','M','40대',217
'2018-05-27','회원-내국인','F','50대',88
'2018-05-27','회원-내국인','M','50대',80
'2018-05-27','회원-내국인','F','60대',10
'2018-05-27','회원-내국인','M','60대',22
'2018-05-27','회원-내국인','F','70대~',8
'2018-05-27','회원-내국인','M','70대~',1
'2018-05-28','회원-내국인','F','~10대',44
'2018-05-28','회원-내국인','M','~10대',31
'2018-05-28','회원-내국인','F','20대',685
'2018-05-28','회원-내국인','M','20대',449
'2018-05-28','회원-내국인','F','30대',219
'2018-05-28','회원-내국인','M','30대',272
'2018-05-28','회원-내국인','F','40대',88
'2018-05-28','회원-내국인','M','40대',141
'2018-05-28','회원-내국인','F','50대',51
'2018-05-28','회원-내국인','M','50대',57
'2018-05-28','회원-내국인','F','60대',10
'2018-05-28','회원-내국인','M','60대',15
'2018-05-28','회원-내국인','','70대~',1
'2018-05-28','회원-내국인','F','70대~',2
'2018-05-28','회원-내국인','M','70대~',2
'2018-05-29','회원-내국인','F','~10대',35
'2018-05-29','회원-내국인','M','~10대',21
'2018-05-29','회원-내국인','F','20대',402
'2018-05-29','회원-내국인','M','20대',281
'2018-05-29','회원-내국인','F','30대',157
'2018-05-29','회원-내국인','M','30대',189
'2018-05-29','회원-내국인','F','40대',76
'2018-05-29','회원-내국인','M','40대',123
'2018-05-29','회원-내국인','F','50대',42
'2018-05-29','회원-내국인','M','50대',56
'2018-05-29','회원-내국인','F','60대',6
'2018-05-29','회원-내국인','M','60대',12
'2018-05-29','회원-내국인','','70대~',2
'2018-05-29','회원-내국인','F','70대~',2
'2018-05-29','회원-내국인','M','70대~',4
'2018-05-30','회원-내국인','F','~10대',41
'2018-05-30','회원-내국인','M','~10대',24
'2018-05-30','회원-내국인','F','20대',561
'2018-05-30','회원-내국인','M','20대',437
'2018-05-30','회원-내국인','F','30대',180
'2018-05-30','회원-내국인','M','30대',247
'2018-05-30','회원-내국인','F','40대',81
'2018-05-30','회원-내국인','M','40대',140
'2018-05-30','회원-내국인','F','50대',41
'2018-05-30','회원-내국인','M','50대',72
'2018-05-30','회원-내국인','F','60대',7
'2018-05-30','회원-내국인','M','60대',15
'2018-05-30','회원-내국인','F','70대~',3
'2018-05-30','회원-내국인','M','70대~',4
'2018-05-31','회원-내국인','F','~10대',58
'2018-05-31','회원-내국인','M','~10대',21
'2018-05-31','회원-내국인','F','20대',672
'2018-05-31','회원-내국인','M','20대',480
'2018-05-31','회원-내국인','F','30대',187
'2018-05-31','회원-내국인','M','30대',220
'2018-05-31','회원-내국인','F','40대',82
'2018-05-31','회원-내국인','M','40대',115
'2018-05-31','회원-내국인','F','50대',34
'2018-05-31','회원-내국인','M','50대',45
'2018-05-31','회원-내국인','F','60대',7
'2018-05-31','회원-내국인','M','60대',10
'2018-05-31','회원-내국인','F','70대~',18
'2018-05-31','회원-내국인','M','70대~',23
'2018-06-01','회원-내국인','F','~10대',66
'2018-06-01','회원-내국인','M','~10대',45
'2018-06-01','회원-내국인','F','20대',679
'2018-06-01','회원-내국인','M','20대',528
'2018-06-01','회원-내국인','F','30대',207
'2018-06-01','회원-내국인','M','30대',273
'2018-06-01','회원-내국인','F','40대',82
'2018-06-01','회원-내국인','M','40대',122
'2018-06-01','회원-내국인','F','50대',35
'2018-06-01','회원-내국인','M','50대',50
'2018-06-01','회원-내국인','F','60대',5
'2018-06-01','회원-내국인','M','60대',14
'2018-06-01','회원-내국인','F','70대~',2
'2018-06-01','회원-내국인','M','70대~',1
'2018-06-02','회원-내국인','F','~10대',94
'2018-06-02','회원-내국인','M','~10대',80
'2018-06-02','회원-내국인','F','20대',1109
'2018-06-02','회원-내국인','M','20대',907
'2018-06-02','회원-내국인','F','30대',383
'2018-06-02','회원-내국인','M','30대',448
'2018-06-02','회원-내국인','F','40대',147
'2018-06-02','회원-내국인','M','40대',182
'2018-06-02','회원-내국인','F','50대',68
'2018-06-02','회원-내국인','M','50대',57
'2018-06-02','회원-내국인','F','60대',18
'2018-06-02','회원-내국인','M','60대',12
'2018-06-02','회원-내국인','F','70대~',4
'2018-06-02','회원-내국인','M','70대~',4
'2018-06-03','회원-내국인','F','~10대',113
'2018-06-03','회원-내국인','M','~10대',67
'2018-06-03','회원-내국인','F','20대',1026
'2018-06-03','회원-내국인','M','20대',909
'2018-06-03','회원-내국인','F','30대',348
'2018-06-03','회원-내국인','M','30대',453
'2018-06-03','회원-내국인','F','40대',146
'2018-06-03','회원-내국인','M','40대',232
'2018-06-03','회원-내국인','F','50대',62
'2018-06-03','회원-내국인','M','50대',77
'2018-06-03','회원-내국인','F','60대',11
'2018-06-03','회원-내국인','M','60대',13
'2018-06-03','회원-내국인','F','70대~',3
'2018-06-03','회원-내국인','M','70대~',2
'2018-06-04','회원-내국인','F','~10대',52
'2018-06-04','회원-내국인','M','~10대',41
'2018-06-04','회원-내국인','F','20대',693
'2018-06-04','회원-내국인','M','20대',523
'2018-06-04','회원-내국인','F','30대',248
'2018-06-04','회원-내국인','M','30대',277
'2018-06-04','회원-내국인','F','40대',85
'2018-06-04','회원-내국인','M','40대',142
'2018-06-04','회원-내국인','F','50대',31
'2018-06-04','회원-내국인','M','50대',52
'2018-06-04','회원-내국인','F','60대',15
'2018-06-04','회원-내국인','M','60대',16
'2018-06-04','회원-내국인','F','70대~',2
'2018-06-04','회원-내국인','M','70대~',3
'2018-06-05','회원-내국인','F','~10대',59
'2018-06-05','회원-내국인','M','~10대',36
'2018-06-05','회원-내국인','F','20대',719
'2018-06-05','회원-내국인','M','20대',501
'2018-06-05','회원-내국인','F','30대',229
'2018-06-05','회원-내국인','M','30대',269
'2018-06-05','회원-내국인','F','40대',87
'2018-06-05','회원-내국인','M','40대',159
'2018-06-05','회원-내국인','F','50대',46
'2018-06-05','회원-내국인','M','50대',57
'2018-06-05','회원-내국인','F','60대',6
'2018-06-05','회원-내국인','M','60대',9
'2018-06-05','회원-내국인','F','70대~',3
'2018-06-05','회원-내국인','M','70대~',4
'2018-06-06','회원-내국인','F','~10대',79
'2018-06-06','회원-내국인','M','~10대',86
'2018-06-06','회원-내국인','F','20대',1266
'2018-06-06','회원-내국인','M','20대',968
'2018-06-06','회원-내국인','F','30대',446
'2018-06-06','회원-내국인','M','30대',548
'2018-06-06','회원-내국인','F','40대',178
'2018-06-06','회원-내국인','M','40대',246
'2018-06-06','회원-내국인','F','50대',81
'2018-06-06','회원-내국인','M','50대',90
'2018-06-06','회원-내국인','F','60대',13
'2018-06-06','회원-내국인','M','60대',20
'2018-06-06','회원-내국인','F','70대~',17
'2018-06-06','회원-내국인','M','70대~',14
'2018-06-07','회원-내국인','F','~10대',42
'2018-06-07','회원-내국인','M','~10대',32
'2018-06-07','회원-내국인','F','20대',591
'2018-06-07','회원-내국인','M','20대',457
'2018-06-07','회원-내국인','F','30대',190
'2018-06-07','회원-내국인','M','30대',271
'2018-06-07','회원-내국인','F','40대',89
'2018-06-07','회원-내국인','M','40대',126
'2018-06-07','회원-내국인','F','50대',48
'2018-06-07','회원-내국인','M','50대',60
'2018-06-07','회원-내국인','F','60대',10
'2018-06-07','회원-내국인','M','60대',15
'2018-06-07','회원-내국인','F','70대~',6
'2018-06-07','회원-내국인','M','70대~',5
'2018-06-08','회원-내국인','F','~10대',51
'2018-06-08','회원-내국인','M','~10대',42
'2018-06-08','회원-내국인','F','20대',634
'2018-06-08','회원-내국인','M','20대',520
'2018-06-08','회원-내국인','F','30대',214
'2018-06-08','회원-내국인','M','30대',290
'2018-06-08','회원-내국인','F','40대',83
'2018-06-08','회원-내국인','M','40대',135
'2018-06-08','회원-내국인','F','50대',51
'2018-06-08','회원-내국인','M','50대',55
'2018-06-08','회원-내국인','F','60대',15
'2018-06-08','회원-내국인','M','60대',18
'2018-06-08','회원-내국인','F','70대~',2
'2018-06-08','회원-내국인','M','70대~',1
'2018-06-09','회원-내국인','F','~10대',64
'2018-06-09','회원-내국인','M','~10대',36
'2018-06-09','회원-내국인','F','20대',629
'2018-06-09','회원-내국인','M','20대',568
'2018-06-09','회원-내국인','F','30대',248
'2018-06-09','회원-내국인','M','30대',342
'2018-06-09','회원-내국인','F','40대',119
'2018-06-09','회원-내국인','M','40대',184
'2018-06-09','회원-내국인','F','50대',50
'2018-06-09','회원-내국인','M','50대',63
'2018-06-09','회원-내국인','F','60대',3
'2018-06-09','회원-내국인','M','60대',9
'2018-06-09','회원-내국인','','70대~',1
'2018-06-09','회원-내국인','F','70대~',3
'2018-06-09','회원-내국인','M','70대~',6
'2018-06-10','회원-내국인','F','~10대',70
'2018-06-10','회원-내국인','M','~10대',54
'2018-06-10','회원-내국인','F','20대',811
'2018-06-10','회원-내국인','M','20대',692
'2018-06-10','회원-내국인','F','30대',395
'2018-06-10','회원-내국인','M','30대',439
'2018-06-10','회원-내국인','F','40대',175
'2018-06-10','회원-내국인','M','40대',241
'2018-06-10','회원-내국인','F','50대',71
'2018-06-10','회원-내국인','M','50대',92
'2018-06-10','회원-내국인','F','60대',10
'2018-06-10','회원-내국인','M','60대',13
'2018-06-10','회원-내국인','F','70대~',8
'2018-06-10','회원-내국인','M','70대~',3
'2018-06-11','회원-내국인','F','~10대',24
'2018-06-11','회원-내국인','M','~10대',29
'2018-06-11','회원-내국인','F','20대',290
'2018-06-11','회원-내국인','M','20대',286
'2018-06-11','회원-내국인','F','30대',143
'2018-06-11','회원-내국인','M','30대',182
'2018-06-11','회원-내국인','F','40대',67
'2018-06-11','회원-내국인','M','40대',120
'2018-06-11','회원-내국인','F','50대',30
'2018-06-11','회원-내국인','M','50대',39
'2018-06-11','회원-내국인','F','60대',6
'2018-06-11','회원-내국인','M','60대',4
'2018-06-11','회원-내국인','F','70대~',5
'2018-06-11','회원-내국인','M','70대~',4
'2018-06-12','회원-내국인','F','~10대',28
'2018-06-12','회원-내국인','M','~10대',30
'2018-06-12','회원-내국인','F','20대',488
'2018-06-12','회원-내국인','M','20대',386
'2018-06-12','회원-내국인','F','30대',177
'2018-06-12','회원-내국인','M','30대',247
'2018-06-12','회원-내국인','F','40대',72
'2018-06-12','회원-내국인','M','40대',85
'2018-06-12','회원-내국인','F','50대',34
'2018-06-12','회원-내국인','M','50대',46
'2018-06-12','회원-내국인','F','60대',8
'2018-06-12','회원-내국인','M','60대',5
'2018-06-12','회원-내국인','','70대~',1
'2018-06-12','회원-내국인','F','70대~',1
'2018-06-12','회원-내국인','M','70대~',3
'2018-06-13','회원-내국인','F','~10대',48
'2018-06-13','회원-내국인','M','~10대',40
'2018-06-13','회원-내국인','F','20대',675
'2018-06-13','회원-내국인','M','20대',573
'2018-06-13','회원-내국인','F','30대',328
'2018-06-13','회원-내국인','M','30대',458
'2018-06-13','회원-내국인','F','40대',161
'2018-06-13','회원-내국인','M','40대',261
'2018-06-13','회원-내국인','F','50대',74
'2018-06-13','회원-내국인','M','50대',72
'2018-06-13','회원-내국인','F','60대',10
'2018-06-13','회원-내국인','M','60대',17
'2018-06-13','회원-내국인','F','70대~',8
'2018-06-13','회원-내국인','M','70대~',7
'2018-06-14','회원-내국인','F','~10대',19
'2018-06-14','회원-내국인','M','~10대',22
'2018-06-14','회원-내국인','F','20대',307
'2018-06-14','회원-내국인','M','20대',288
'2018-06-14','회원-내국인','F','30대',123
'2018-06-14','회원-내국인','M','30대',172
'2018-06-14','회원-내국인','F','40대',59
'2018-06-14','회원-내국인','M','40대',71
'2018-06-14','회원-내국인','F','50대',39
'2018-06-14','회원-내국인','M','50대',30
'2018-06-14','회원-내국인','F','60대',2
'2018-06-14','회원-내국인','M','60대',13
'2018-06-14','회원-내국인','F','70대~',2
'2018-06-15','회원-내국인','F','~10대',49
'2018-06-15','회원-내국인','M','~10대',24
'2018-06-15','회원-내국인','F','20대',532
'2018-06-15','회원-내국인','M','20대',444
'2018-06-15','회원-내국인','F','30대',191
'2018-06-15','회원-내국인','M','30대',288
'2018-06-15','회원-내국인','F','40대',89
'2018-06-15','회원-내국인','M','40대',154
'2018-06-15','회원-내국인','F','50대',45
'2018-06-15','회원-내국인','M','50대',81
'2018-06-15','회원-내국인','F','60대',7
'2018-06-15','회원-내국인','M','60대',16
'2018-06-15','회원-내국인','','70대~',114
'2018-06-15','회원-내국인','F','70대~',4
'2018-06-15','회원-내국인','M','70대~',3
'2018-06-16','회원-내국인','F','~10대',82
'2018-06-16','회원-내국인','M','~10대',51
'2018-06-16','회원-내국인','F','20대',1048
'2018-06-16','회원-내국인','M','20대',849
'2018-06-16','회원-내국인','F','30대',413
'2018-06-16','회원-내국인','M','30대',525
'2018-06-16','회원-내국인','F','40대',207
'2018-06-16','회원-내국인','M','40대',244
'2018-06-16','회원-내국인','F','50대',76
'2018-06-16','회원-내국인','M','50대',81
'2018-06-16','회원-내국인','F','60대',18
'2018-06-16','회원-내국인','M','60대',37
'2018-06-16','회원-내국인','F','70대~',8
'2018-06-16','회원-내국인','M','70대~',7
'2018-06-17','회원-내국인','F','~10대',73
'2018-06-17','회원-내국인','M','~10대',57
'2018-06-17','회원-내국인','F','20대',980
'2018-06-17','회원-내국인','M','20대',846
'2018-06-17','회원-내국인','F','30대',384
'2018-06-17','회원-내국인','M','30대',517
'2018-06-17','회원-내국인','F','40대',184
'2018-06-17','회원-내국인','M','40대',264
'2018-06-17','회원-내국인','F','50대',72
'2018-06-17','회원-내국인','M','50대',76
'2018-06-17','회원-내국인','F','60대',16
'2018-06-17','회원-내국인','M','60대',22
'2018-06-17','회원-내국인','F','70대~',6
'2018-06-17','회원-내국인','M','70대~',8
'2018-06-18','회원-내국인','F','~10대',16
'2018-06-18','회원-내국인','M','~10대',17
'2018-06-18','회원-내국인','F','20대',223
'2018-06-18','회원-내국인','M','20대',197
'2018-06-18','회원-내국인','F','30대',78
'2018-06-18','회원-내국인','M','30대',95
'2018-06-18','회원-내국인','F','40대',34
'2018-06-18','회원-내국인','M','40대',51
'2018-06-18','회원-내국인','F','50대',15
'2018-06-18','회원-내국인','M','50대',20
'2018-06-18','회원-내국인','F','60대',2
'2018-06-18','회원-내국인','M','60대',5
'2018-06-18','회원-내국인','','70대~',797
'2018-06-18','회원-내국인','F','70대~',1
'2018-06-18','회원-내국인','M','70대~',2
'2018-06-19','회원-내국인','F','~10대',43
'2018-06-19','회원-내국인','M','~10대',47
'2018-06-19','회원-내국인','F','20대',487
'2018-06-19','회원-내국인','M','20대',405
'2018-06-19','회원-내국인','F','30대',176
'2018-06-19','회원-내국인','M','30대',264
'2018-06-19','회원-내국인','F','40대',67
'2018-06-19','회원-내국인','M','40대',122
'2018-06-19','회원-내국인','F','50대',47
'2018-06-19','회원-내국인','M','50대',49
'2018-06-19','회원-내국인','F','60대',7
'2018-06-19','회원-내국인','M','60대',14
'2018-06-19','회원-내국인','','70대~',253
'2018-06-19','회원-내국인','F','70대~',3
'2018-06-19','회원-내국인','M','70대~',2
'2018-06-20','회원-내국인','F','~10대',16
'2018-06-20','회원-내국인','M','~10대',16
'2018-06-20','회원-내국인','F','20대',247
'2018-06-20','회원-내국인','M','20대',227
'2018-06-20','회원-내국인','F','30대',104
'2018-06-20','회원-내국인','M','30대',121
'2018-06-20','회원-내국인','F','40대',51
'2018-06-20','회원-내국인','M','40대',85
'2018-06-20','회원-내국인','F','50대',23
'2018-06-20','회원-내국인','M','50대',33
'2018-06-20','회원-내국인','F','60대',5
'2018-06-20','회원-내국인','M','60대',6
'2018-06-20','회원-내국인','','70대~',1131
'2018-06-20','회원-내국인','F','70대~',2
'2018-06-21','회원-내국인','','70대~',2828
'2018-06-22','회원-내국인','','70대~',3335
'2018-06-23','회원-내국인','','70대~',4526
'2018-06-24','회원-내국인','','70대~',4408
'2018-06-25','회원-내국인','','70대~',2684
'2018-06-26','회원-내국인','','70대~',635
'2018-06-27','회원-내국인','','70대~',2000
'2018-06-28','회원-내국인','','70대~',1238
'2018-06-29','회원-내국인','','70대~',2556
'2018-06-30','회원-내국인','','70대~',2094
'2018-07-01','회원-내국인','','70대~',689
'2018-07-02','회원-내국인','','70대~',528
'2018-07-02','회원-내국인','F','70대~',2
'2018-07-03','회원-내국인','','70대~',2254
'2018-07-04','회원-내국인','','70대~',2596
'2018-07-05','회원-내국인','','70대~',2250
'2018-07-06','회원-내국인','','70대~',3099
'2018-07-07','회원-내국인','','70대~',5428
'2018-07-08','회원-내국인','','70대~',5706
'2018-07-09','회원-내국인','','70대~',895
'2018-07-10','회원-내국인','','70대~',1347
'2018-07-11','회원-내국인','','70대~',1856
'2018-07-12','회원-내국인','','70대~',2372
'2018-07-13','회원-내국인','','70대~',2539
'2018-07-14','회원-내국인','','70대~',3446
'2018-07-15','회원-내국인','','70대~',2937
'2018-07-16','회원-내국인','','70대~',2161
'2018-07-17','회원-내국인','','70대~',2133
'2018-07-18','회원-내국인','','70대~',2123
'2018-07-19','회원-내국인','','70대~',2194
